Animal,Channel,Baseline_Entropy_Mean,Entropy_Mean,Baseline_Entropy_Std,Entropy_Std,Event_type,Coact_Type,,Animal_Type
pig1721,channel1,0.351364316,0.294495944,0.065217647,0.023321056,Event,Coact_Mean,,N
pig1721,channel1,0.351364316,0.351581578,0.065217647,0.06523121,Non Event,Coact_Mean,,N
pig1721,channel1,0.351364316,0.298830627,0.065217647,0.030516722,Event,Coact_STD,,N
pig1721,channel1,0.351364316,0.351565018,0.065217647,0.065233805,Non Event,Coact_STD,,N
pig1721,channel10,0.29815166,0.290355411,0.056483201,0,Event,Coact_Mean,,N
pig1721,channel10,0.29815166,0.298154969,0.056483201,0.056494959,Non Event,Coact_Mean,,N
pig1721,channel10,0.29815166,0.315607381,0.056483201,0.034360319,Event,Coact_STD,,N
pig1721,channel10,0.29815166,0.298092211,0.056483201,0.056534549,Non Event,Coact_STD,,N
pig1721,channel11,0.311375023,0.312461615,0.059606533,0.018010743,Event,Coact_Mean,,N
pig1721,channel11,0.311375023,0.311373516,0.059606533,0.059644069,Non Event,Coact_Mean,,N
pig1721,channel11,0.311375023,0.356039245,0.059606533,0.024359003,Event,Coact_STD,,N
pig1721,channel11,0.311375023,0.311157452,0.059606533,0.059645542,Non Event,Coact_STD,,N
pig1721,channel12,0.31487191,0.34464871,0.0566185,0.003663095,Event,Coact_Mean,,N
pig1721,channel12,0.31487191,0.314825708,0.0566185,0.056650063,Non Event,Coact_Mean,,N
pig1721,channel12,0.31487191,0.287903175,0.0566185,0.01781883,Event,Coact_STD,,N
pig1721,channel12,0.31487191,0.314976765,0.0566185,0.056692547,Non Event,Coact_STD,,N
pig1721,channel13,0.350965921,0.330712661,0.06063349,0.019492662,Event,Coact_Mean,,N
pig1721,channel13,0.350965921,0.351029298,0.06063349,0.060707889,Non Event,Coact_Mean,,N
pig1721,channel13,0.350965921,0.380706629,0.06063349,0.020142599,Event,Coact_STD,,N
pig1721,channel13,0.350965921,0.350926108,0.06063349,0.060659813,Non Event,Coact_STD,,N
pig1721,channel14,0.314600894,0.343640681,0.063080175,0.0355153,Event,Coact_Mean,,N
pig1721,channel14,0.314600894,0.314517206,0.063080175,0.063122923,Non Event,Coact_Mean,,N
pig1721,channel14,0.314600894,0.388216645,0.063080175,0.027392878,Event,Coact_STD,,N
pig1721,channel14,0.314600894,0.314327906,0.063080175,0.063015164,Non Event,Coact_STD,,N
pig1721,channel15,0.315915824,0.333871142,0.054299662,0.040217705,Event,Coact_Mean,,N
pig1721,channel15,0.315915824,0.315862876,0.054299662,0.054327017,Non Event,Coact_Mean,,N
pig1721,channel15,0.315915824,0.31318277,0.054299662,0.029358871,Event,Coact_STD,,N
pig1721,channel15,0.315915824,0.315927481,0.054299662,0.054381251,Non Event,Coact_STD,,N
pig1721,channel2,0.333171167,0.321204517,0.058192914,0.022179669,Event,Coact_Mean,,N
pig1721,channel2,0.333171167,0.333207651,0.058192914,0.058264929,Non Event,Coact_Mean,,N
pig1721,channel2,0.333171167,0.262208015,0.058192914,0.042480329,Event,Coact_STD,,N
pig1721,channel2,0.333171167,0.333387518,0.058192914,0.058101964,Non Event,Coact_STD,,N
pig1721,channel3,0.330401495,0.324582346,0.062415546,0.021293093,Event,Coact_Mean,,N
pig1721,channel3,0.330401495,0.330420112,0.062415546,0.062502837,Non Event,Coact_Mean,,N
pig1721,channel3,0.330401495,0.325052941,0.062415546,0.015284393,Event,Coact_STD,,N
pig1721,channel3,0.330401495,0.330418606,0.062415546,0.062508596,Non Event,Coact_STD,,N
pig1721,channel7,0.322709967,0.294039829,0.058611043,0.03941626,Event,Coact_Mean,,N
pig1721,channel7,0.322709967,0.322796388,0.058611043,0.058638222,Non Event,Coact_Mean,,N
pig1721,channel7,0.322709967,0.299683591,0.058611043,0.029678898,Event,Coact_STD,,N
pig1721,channel7,0.322709967,0.322796794,0.058611043,0.058676057,Non Event,Coact_STD,,N
pig1721,channel8,0.310722594,0.308183002,0.061131426,0.026989797,Event,Coact_Mean,,N
pig1721,channel8,0.310722594,0.310728862,0.061131426,0.061192003,Non Event,Coact_Mean,,N
pig1721,channel8,0.310722594,0.316525485,0.061131426,0.027560273,Event,Coact_STD,,N
pig1721,channel8,0.310722594,0.310706219,0.061131426,0.06119933,Non Event,Coact_STD,,N
pig1721,channel9,0.304863666,0.333436598,0.056737838,0.019703299,Event,Coact_Mean,,N
pig1721,channel9,0.304863666,0.304785341,0.056737838,0.056786429,Non Event,Coact_Mean,,N
pig1721,channel9,0.304863666,0.313971778,0.056737838,0.026551933,Event,Coact_STD,,N
pig1721,channel9,0.304863666,0.304813594,0.056737838,0.056855479,Non Event,Coact_STD,,N
pig1723,channel1,0.255952668,0.255256051,0.053809506,0.068139336,Event,Coact_Mean,,N
pig1723,channel1,0.255952668,0.255969009,0.053809506,0.053427132,Non Event,Coact_Mean,,N
pig1723,channel1,0.255952668,0.182850972,0.053809506,0.039991583,Event,Coact_STD,,N
pig1723,channel1,0.255952668,0.256389655,0.053809506,0.053582418,Non Event,Coact_STD,,N
pig1723,channel10,0.314762563,0.289348711,0.055698145,0.040416811,Event,Coact_Mean,,N
pig1723,channel10,0.314762563,0.315558623,0.055698145,0.055923395,Non Event,Coact_Mean,,N
pig1723,channel10,0.314762563,0.279469135,0.055698145,0.020044807,Event,Coact_STD,,N
pig1723,channel10,0.314762563,0.315027467,0.055698145,0.055795457,Non Event,Coact_STD,,N
pig1723,channel11,0.347368494,0.328369485,0.05125924,0.05295191,Event,Coact_Mean,,N
pig1723,channel11,0.347368494,0.347963033,0.05125924,0.051091493,Non Event,Coact_Mean,,N
pig1723,channel11,0.347368494,0.354367542,0.05125924,0.039859647,Event,Coact_STD,,N
pig1723,channel11,0.347368494,0.34729751,0.05125924,0.05135701,Non Event,Coact_STD,,N
pig1723,channel12,0.291983813,0.301442725,0.058114996,0.077996309,Event,Coact_Mean,,N
pig1723,channel12,0.291983813,0.291691595,0.058114996,0.057366397,Non Event,Coact_Mean,,N
pig1723,channel12,0.291983813,0.228832527,0.058114996,0.031965061,Event,Coact_STD,,N
pig1723,channel12,0.291983813,0.292309423,0.058114996,0.058041619,Non Event,Coact_STD,,N
pig1723,channel13,0.296395675,0.301775161,0.050559266,0.054699956,Event,Coact_Mean,,N
pig1723,channel13,0.296395675,0.296233622,0.050559266,0.050420351,Non Event,Coact_Mean,,N
pig1723,channel13,0.296395675,0.269656342,0.050559266,0.044027107,Event,Coact_STD,,N
pig1723,channel13,0.296395675,0.296598737,0.050559266,0.050551562,Non Event,Coact_STD,,N
pig1723,channel14,0.340020105,0.317520598,0.066174114,0.045929439,Event,Coact_Mean,,N
pig1723,channel14,0.340020105,0.340819378,0.066174114,0.066640926,Non Event,Coact_Mean,,N
pig1723,channel14,0.340020105,0.321905626,0.066174114,0.024629467,Event,Coact_STD,,N
pig1723,channel14,0.340020105,0.340161013,0.066174114,0.066376092,Non Event,Coact_STD,,N
pig1723,channel15,0.328841522,0.31985539,0.049051287,0.049394961,Event,Coact_Mean,,N
pig1723,channel15,0.328841522,0.329062986,0.049051287,0.049021993,Non Event,Coact_Mean,,N
pig1723,channel15,0.328841522,0.306659682,0.049051287,0.053284298,Event,Coact_STD,,N
pig1723,channel15,0.328841522,0.328969842,0.049051287,0.04899653,Non Event,Coact_STD,,N
pig1723,channel16,0.324089141,0.314921294,0.060177967,0.045614973,Event,Coact_Mean,,N
pig1723,channel16,0.324089141,0.324395842,0.060177967,0.060580715,Non Event,Coact_Mean,,N
pig1723,channel16,0.324089141,0.323722689,0.060177967,0.036051163,Event,Coact_STD,,N
pig1723,channel16,0.324089141,0.324091318,0.060177967,0.060292447,Non Event,Coact_STD,,N
pig1723,channel2,0.342209651,0.343581145,0.050478617,0.045787772,Event,Coact_Mean,,N
pig1723,channel2,0.342209651,0.342159117,0.050478617,0.050642449,Non Event,Coact_Mean,,N
pig1723,channel2,0.342209651,0.319164035,0.050478617,0.036596578,Event,Coact_STD,,N
pig1723,channel2,0.342209651,0.342348991,0.050478617,0.050518994,Non Event,Coact_STD,,N
pig1723,channel3,0.32935696,0.323272245,0.043139621,0.043679634,Event,Coact_Mean,,N
pig1723,channel3,0.32935696,0.329576681,0.043139621,0.043103929,Non Event,Coact_Mean,,N
pig1723,channel3,0.32935696,0.348624116,0.043139621,0.041187021,Event,Coact_STD,,N
pig1723,channel3,0.32935696,0.329177843,0.043139621,0.043116986,Non Event,Coact_STD,,N
pig1723,channel4,0.314743818,0.324522913,0.05253278,0.043402058,Event,Coact_Mean,,N
pig1723,channel4,0.314743818,0.314407874,0.05253278,0.052786237,Non Event,Coact_Mean,,N
pig1723,channel4,0.314743818,0.28734973,0.05253278,0.043197272,Event,Coact_STD,,N
pig1723,channel4,0.314743818,0.314965951,0.05253278,0.052543366,Non Event,Coact_STD,,N
pig1723,channel5,0.326546023,0.339146828,0.047380454,0.054006776,Event,Coact_Mean,,N
pig1723,channel5,0.326546023,0.326065615,0.047380454,0.047042637,Non Event,Coact_Mean,,N
pig1723,channel5,0.326546023,0.285562389,0.047380454,0.037112191,Event,Coact_STD,,N
pig1723,channel5,0.326546023,0.326840292,0.047380454,0.047317968,Non Event,Coact_STD,,N
pig1723,channel6,0.339472258,0.330099381,0.05230319,0.04652514,Event,Coact_Mean,,N
pig1723,channel6,0.339472258,0.339778711,0.05230319,0.052453101,Non Event,Coact_Mean,,N
pig1723,channel6,0.339472258,0.30801847,0.05230319,0.037242591,Event,Coact_STD,,N
pig1723,channel6,0.339472258,0.339773185,0.05230319,0.052335173,Non Event,Coact_STD,,N
pig1723,channel7,0.313895363,0.29420373,0.057327433,0.047139445,Event,Coact_Mean,,N
pig1723,channel7,0.313895363,0.314425442,0.057327433,0.057483611,Non Event,Coact_Mean,,N
pig1723,channel7,0.313895363,0.262316119,0.057327433,0.022246423,Event,Coact_STD,,N
pig1723,channel7,0.313895363,0.314083462,0.057327433,0.057331294,Non Event,Coact_STD,,N
pig1723,channel8,0.366583781,0.371303055,0.05624699,0.060061555,Event,Coact_Mean,,N
pig1723,channel8,0.366583781,0.366457216,0.05624699,0.056135657,Non Event,Coact_Mean,,N
pig1723,channel8,0.366583781,0.400041984,0.05624699,0.051567032,Event,Coact_STD,,N
pig1723,channel8,0.366583781,0.366371509,0.05624699,0.0562119,Non Event,Coact_STD,,N
pig1723,channel9,0.277139775,0.252808501,0.052002277,0.032376789,Event,Coact_Mean,,N
pig1723,channel9,0.277139775,0.277911693,0.052002277,0.052320127,Non Event,Coact_Mean,,N
pig1723,channel9,0.277139775,0.221037169,0.052002277,0.040192481,Event,Coact_STD,,N
pig1723,channel9,0.277139775,0.277616432,0.052002277,0.051831636,Non Event,Coact_STD,,N
pig1740,channel1,0.30252219,0.332228016,0.047689626,0.05200845,Event,Coact_Mean,,N
pig1740,channel1,0.30252219,0.301511259,0.047689626,0.047207994,Non Event,Coact_Mean,,N
pig1740,channel1,0.30252219,0.324881185,0.047689626,0.055193912,Event,Coact_STD,,N
pig1740,channel1,0.30252219,0.301924401,0.047689626,0.047327953,Non Event,Coact_STD,,N
pig1740,channel10,0.27378291,0.245433877,0.049802511,0.050020236,Event,Coact_Mean,,N
pig1740,channel10,0.27378291,0.274664809,0.049802511,0.049536201,Non Event,Coact_Mean,,N
pig1740,channel10,0.27378291,0.235316815,0.049802511,0.045926346,Event,Coact_STD,,N
pig1740,channel10,0.27378291,0.274756461,0.049802511,0.049510452,Non Event,Coact_STD,,N
pig1740,channel11,0.278944234,0.26625396,0.054068806,0.051334478,Event,Coact_Mean,,N
pig1740,channel11,0.278944234,0.279364954,0.054068806,0.054106142,Non Event,Coact_Mean,,N
pig1740,channel11,0.278944234,0.255186607,0.054068806,0.045134891,Event,Coact_STD,,N
pig1740,channel11,0.278944234,0.27958331,0.054068806,0.054145038,Non Event,Coact_STD,,N
pig1740,channel13,0.305046581,0.254516202,0.076336536,0.100220502,Event,Coact_Mean,,N
pig1740,channel13,0.305046581,0.306515221,0.076336536,0.075022246,Non Event,Coact_Mean,,N
pig1740,channel13,0.305046581,0.237155625,0.076336536,0.095010307,Event,Coact_STD,,N
pig1740,channel13,0.305046581,0.306515817,0.076336536,0.07520715,Non Event,Coact_STD,,N
pig1740,channel14,0.309914552,0.288409143,0.074502543,0.093310135,Event,Coact_Mean,,N
pig1740,channel14,0.309914552,0.311539405,0.074502543,0.072626309,Non Event,Coact_Mean,,N
pig1740,channel14,0.309914552,0.29327401,0.074502543,0.091421165,Event,Coact_STD,,N
pig1740,channel14,0.309914552,0.31052031,0.074502543,0.073742745,Non Event,Coact_STD,,N
pig1740,channel15,0.331983228,0.32345426,0.062031132,0.070764001,Event,Coact_Mean,,N
pig1740,channel15,0.331983228,0.332706022,0.062031132,0.061179212,Non Event,Coact_Mean,,N
pig1740,channel15,0.331983228,0.287440197,0.062031132,0.063309334,Event,Coact_STD,,N
pig1740,channel15,0.331983228,0.334046529,0.062031132,0.061190499,Non Event,Coact_STD,,N
pig1740,channel16,0.326285323,0.327547969,0.072559271,0.073839245,Event,Coact_Mean,,N
pig1740,channel16,0.326285323,0.326204384,0.072559271,0.0724757,Non Event,Coact_Mean,,N
pig1740,channel16,0.326285323,0.336404275,0.072559271,0.048728893,Event,Coact_STD,,N
pig1740,channel16,0.326285323,0.325853106,0.072559271,0.073374003,Non Event,Coact_STD,,N
pig1740,channel2,0.281281788,0.30358381,0.047815905,0.071824391,Event,Coact_Mean,,N
pig1740,channel2,0.281281788,0.28067214,0.047815905,0.046838801,Non Event,Coact_Mean,,N
pig1740,channel2,0.281281788,0.274654174,0.047815905,0.068581173,Event,Coact_STD,,N
pig1740,channel2,0.281281788,0.281409242,0.047815905,0.04731827,Non Event,Coact_STD,,N
pig1740,channel3,0.331580641,0.340788838,0.072157535,0.071731056,Event,Coact_Mean,,N
pig1740,channel3,0.331580641,0.331199262,0.072157535,0.072149804,Non Event,Coact_Mean,,N
pig1740,channel3,0.331580641,0.329779484,0.072157535,0.058471778,Event,Coact_STD,,N
pig1740,channel3,0.331580641,0.33163475,0.072157535,0.072528033,Non Event,Coact_STD,,N
pig1740,channel4,0.336117011,0.299564474,0.083150298,0.065855454,Event,Coact_Mean,,N
pig1740,channel4,0.336117011,0.337400494,0.083150298,0.083402029,Non Event,Coact_Mean,,N
pig1740,channel4,0.336117011,0.295593973,0.083150298,0.066527908,Event,Coact_STD,,N
pig1740,channel4,0.336117011,0.337235294,0.083150298,0.083283041,Non Event,Coact_STD,,N
pig1740,channel5,0.304098476,0.293563199,0.056703441,0.046535153,Event,Coact_Mean,,N
pig1740,channel5,0.304098476,0.304403468,0.056703441,0.056941761,Non Event,Coact_Mean,,N
pig1740,channel5,0.304098476,0.280786905,0.056703441,0.046340202,Event,Coact_STD,,N
pig1740,channel5,0.304098476,0.304694238,0.056703441,0.056818378,Non Event,Coact_STD,,N
pig1740,channel6,0.270917334,0.239380775,0.079218531,0.079918884,Event,Coact_Mean,,N
pig1740,channel6,0.270917334,0.271902852,0.079218531,0.078993934,Non Event,Coact_Mean,,N
pig1740,channel6,0.270917334,0.228756817,0.079218531,0.066494157,Event,Coact_STD,,N
pig1740,channel6,0.270917334,0.272065675,0.079218531,0.079223375,Non Event,Coact_STD,,N
pig1740,channel7,0.34308509,0.33942302,0.089148774,0.103184573,Event,Coact_Mean,,N
pig1740,channel7,0.34308509,0.343315645,0.089148774,0.088185312,Non Event,Coact_Mean,,N
pig1740,channel7,0.34308509,0.358177595,0.089148774,0.115029087,Event,Coact_STD,,N
pig1740,channel7,0.34308509,0.342502118,0.089148774,0.087944615,Non Event,Coact_STD,,N
pig1740,channel8,0.282596742,0.272137678,0.076722548,0.107886767,Event,Coact_Mean,,N
pig1740,channel8,0.282596742,0.283223242,0.076722548,0.074396145,Non Event,Coact_Mean,,N
pig1740,channel8,0.282596742,0.256017616,0.076722548,0.068908061,Event,Coact_STD,,N
pig1740,channel8,0.282596742,0.283773195,0.076722548,0.076837933,Non Event,Coact_STD,,N
pig1740,channel9,0.279111055,0.252271979,0.053573291,0.058535532,Event,Coact_Mean,,N
pig1740,channel9,0.279111055,0.279909432,0.053573291,0.053211689,Non Event,Coact_Mean,,N
pig1740,channel9,0.279111055,0.242537384,0.053573291,0.053553877,Event,Coact_STD,,N
pig1740,channel9,0.279111055,0.280080199,0.053573291,0.053233149,Non Event,Coact_STD,,N
pig1742,channel1,0.382224833,0.392738328,0.072519754,0.036770232,Event,Coact_Mean,,N
pig1742,channel1,0.382224833,0.382092046,0.072519754,0.072849489,Non Event,Coact_Mean,,N
pig1742,channel1,0.382224833,0.385669195,0.072519754,0.045908682,Event,Coact_STD,,N
pig1742,channel1,0.382224833,0.382189811,0.072519754,0.072739518,Non Event,Coact_STD,,N
pig1742,channel10,0.353063409,0.334888044,0.072380942,0.054474368,Event,Coact_Mean,,N
pig1742,channel10,0.353063409,0.353279782,0.072380942,0.072540081,Non Event,Coact_Mean,,N
pig1742,channel10,0.353063409,0.340652723,0.072380942,0.050420074,Event,Coact_STD,,N
pig1742,channel10,0.353063409,0.353177075,0.072380942,0.072541551,Non Event,Coact_STD,,N
pig1742,channel11,0.29971972,0.272066128,0.062066933,0.049710816,Event,Coact_Mean,,N
pig1742,channel11,0.29971972,0.30010478,0.062066933,0.062134847,Non Event,Coact_Mean,,N
pig1742,channel11,0.29971972,0.278930663,0.062066933,0.064591846,Event,Coact_STD,,N
pig1742,channel11,0.29971972,0.299949466,0.062066933,0.061999524,Non Event,Coact_STD,,N
pig1742,channel12,0.362857663,0.34575548,0.071337778,0.032766134,Event,Coact_Mean,,N
pig1742,channel12,0.362857663,0.363111068,0.071337778,0.071722926,Non Event,Coact_Mean,,N
pig1742,channel12,0.362857663,0.350969357,0.071337778,0.030732251,Event,Coact_STD,,N
pig1742,channel12,0.362857663,0.362973264,0.071337778,0.071610005,Non Event,Coact_STD,,N
pig1742,channel13,0.325519692,0.317622691,0.078268862,0.052159191,Event,Coact_Mean,,N
pig1742,channel13,0.325519692,0.325609494,0.078268862,0.078511289,Non Event,Coact_Mean,,N
pig1742,channel13,0.325519692,0.319550532,0.078268862,0.052082521,Event,Coact_STD,,N
pig1742,channel13,0.325519692,0.325569412,0.078268862,0.078448375,Non Event,Coact_STD,,N
pig1742,channel14,0.352851514,0.361597636,0.076361155,0.037085603,Event,Coact_Mean,,N
pig1742,channel14,0.352851514,0.352742962,0.076361155,0.076716139,Non Event,Coact_Mean,,N
pig1742,channel14,0.352851514,0.367620697,0.076361155,0.040550749,Event,Coact_STD,,N
pig1742,channel14,0.352851514,0.352743573,0.076361155,0.076550756,Non Event,Coact_STD,,N
pig1742,channel15,0.393485882,0.36517779,0.070217507,0.058285635,Event,Coact_Mean,,N
pig1742,channel15,0.393485882,0.393865941,0.070217507,0.070286419,Non Event,Coact_Mean,,N
pig1742,channel15,0.393485882,0.378823405,0.070217507,0.046899733,Event,Coact_STD,,N
pig1742,channel15,0.393485882,0.393616535,0.070217507,0.070376841,Non Event,Coact_STD,,N
pig1742,channel16,0.454859101,0.418242684,0.06264387,0.063106984,Event,Coact_Mean,,N
pig1742,channel16,0.454859101,0.455350527,0.06264387,0.062491897,Non Event,Coact_Mean,,N
pig1742,channel16,0.454859101,0.430112888,0.06264387,0.063663226,Event,Coact_STD,,N
pig1742,channel16,0.454859101,0.455070066,0.06264387,0.062593065,Non Event,Coact_STD,,N
pig1742,channel2,0.389192552,0.383572306,0.074787239,0.052126141,Event,Coact_Mean,,N
pig1742,channel2,0.389192552,0.389258488,0.074787239,0.075009982,Non Event,Coact_Mean,,N
pig1742,channel2,0.389192552,0.362865607,0.074787239,0.052302011,Event,Coact_STD,,N
pig1742,channel2,0.389192552,0.389403102,0.074787239,0.074902587,Non Event,Coact_STD,,N
pig1742,channel3,0.315250695,0.288758297,0.078504527,0.036780924,Event,Coact_Mean,,N
pig1742,channel3,0.315250695,0.315648649,0.078504527,0.078895594,Non Event,Coact_Mean,,N
pig1742,channel3,0.315250695,0.298825628,0.078504527,0.031728,Event,Coact_STD,,N
pig1742,channel3,0.315250695,0.315394706,0.078504527,0.078776798,Non Event,Coact_STD,,N
pig1742,channel4,0.299591102,0.264950562,0.07686875,0.051229541,Event,Coact_Mean,,N
pig1742,channel4,0.299591102,0.300095953,0.07686875,0.077064437,Non Event,Coact_Mean,,N
pig1742,channel4,0.299591102,0.248861557,0.07686875,0.030044604,Event,Coact_STD,,N
pig1742,channel4,0.299591102,0.300062566,0.07686875,0.077014223,Non Event,Coact_STD,,N
pig1742,channel5,0.367119155,0.347539631,0.061358821,0.03910108,Event,Coact_Mean,,N
pig1742,channel5,0.367119155,0.367385453,0.061358821,0.061563232,Non Event,Coact_Mean,,N
pig1742,channel5,0.367119155,0.351140875,0.061358821,0.036747978,Event,Coact_STD,,N
pig1742,channel5,0.367119155,0.367265199,0.061358821,0.061519256,Non Event,Coact_STD,,N
pig1742,channel6,0.34405586,0.279777974,0.068746701,0.047645141,Event,Coact_Mean,,N
pig1742,channel6,0.34405586,0.344984318,0.068746701,0.068564158,Non Event,Coact_Mean,,N
pig1742,channel6,0.34405586,0.275142781,0.068746701,0.045685385,Event,Coact_STD,,N
pig1742,channel6,0.34405586,0.344716288,0.068746701,0.06859629,Non Event,Coact_STD,,N
pig1742,channel7,0.323592906,0.309675432,0.071363183,0.044082697,Event,Coact_Mean,,N
pig1742,channel7,0.323592906,0.323750879,0.071363183,0.071597686,Non Event,Coact_Mean,,N
pig1742,channel7,0.323592906,0.307490657,0.071363183,0.046814009,Event,Coact_STD,,N
pig1742,channel7,0.323592906,0.323720412,0.071363183,0.071509492,Non Event,Coact_STD,,N
pig1742,channel8,0.435564047,0.330444161,0.095865991,0.050783985,Event,Coact_Mean,,N
pig1742,channel8,0.435564047,0.438535134,0.095865991,0.09516302,Non Event,Coact_Mean,,N
pig1742,channel8,0.435564047,0.320271619,0.095865991,0.055241678,Event,Coact_STD,,N
pig1742,channel8,0.435564047,0.437559788,0.095865991,0.095197022,Non Event,Coact_STD,,N
pig1742,channel9,0.389112796,0.385378867,0.071460759,0.046415147,Event,Coact_Mean,,N
pig1742,channel9,0.389112796,0.389162715,0.071460759,0.071735069,Non Event,Coact_Mean,,N
pig1742,channel9,0.389112796,0.391568621,0.071460759,0.050265286,Event,Coact_STD,,N
pig1742,channel9,0.389112796,0.389088805,0.071460759,0.07163648,Non Event,Coact_STD,,HF
pig1670,channel1,0.247950003,0.227094421,0.068396871,0.083486491,Event,Coact_Mean,,HF
pig1670,channel1,0.247950003,0.251858422,0.068396871,0.064434771,Non Event,Coact_Mean,,HF
pig1670,channel1,0.247950003,0.230113754,0.068396871,0.063865503,Event,Coact_STD,,HF
pig1670,channel1,0.247950003,0.249615056,0.068396871,0.068568287,Non Event,Coact_STD,,HF
pig1670,channel10,0.317040035,0.308758361,0.082827724,0.089742367,Event,Coact_Mean,,HF
pig1670,channel10,0.317040035,0.318496154,0.082827724,0.0814644,Non Event,Coact_Mean,,HF
pig1670,channel10,0.317040035,0.308890697,0.082827724,0.07806304,Event,Coact_STD,,HF
pig1670,channel10,0.317040035,0.317845554,0.082827724,0.083240568,Non Event,Coact_STD,,HF
pig1670,channel11,0.314554006,0.268789715,0.079143717,0.086092347,Event,Coact_Mean,,HF
pig1670,channel11,0.314554006,0.322520598,0.079143717,0.075071998,Non Event,Coact_Mean,,HF
pig1670,channel11,0.314554006,0.290288157,0.079143717,0.078200168,Event,Coact_STD,,HF
pig1670,channel11,0.314554006,0.316635565,0.079143717,0.078877244,Non Event,Coact_STD,,HF
pig1670,channel12,0.327549023,0.297445612,0.081654069,0.097374595,Event,Coact_Mean,,HF
pig1670,channel12,0.327549023,0.332077526,0.081654069,0.078020369,Non Event,Coact_Mean,,HF
pig1670,channel12,0.327549023,0.315357994,0.081654069,0.087041066,Event,Coact_STD,,HF
pig1670,channel12,0.327549023,0.328507393,0.081654069,0.081137815,Non Event,Coact_STD,,HF
pig1670,channel13,0.314732107,0.307607106,0.07597423,0.093570447,Event,Coact_Mean,,HF
pig1670,channel13,0.314732107,0.315949295,0.07597423,0.07247258,Non Event,Coact_Mean,,HF
pig1670,channel13,0.314732107,0.322734892,0.07597423,0.103774795,Event,Coact_STD,,HF
pig1670,channel13,0.314732107,0.313846423,0.07597423,0.072188433,Non Event,Coact_STD,,HF
pig1670,channel14,0.301888318,0.276608352,0.079266544,0.092220125,Event,Coact_Mean,,HF
pig1670,channel14,0.301888318,0.305629945,0.079266544,0.076457949,Non Event,Coact_Mean,,HF
pig1670,channel14,0.301888318,0.307258223,0.079266544,0.093694971,Event,Coact_STD,,HF
pig1670,channel14,0.301888318,0.301497952,0.079266544,0.078099433,Non Event,Coact_STD,,HF
pig1670,channel15,0.277887431,0.238184411,0.081135419,0.088627172,Event,Coact_Mean,,HF
pig1670,channel15,0.277887431,0.284291143,0.081135419,0.077990832,Non Event,Coact_Mean,,HF
pig1670,channel15,0.277887431,0.257094272,0.081135419,0.073636206,Event,Coact_STD,,HF
pig1670,channel15,0.277887431,0.279777718,0.081135419,0.081520507,Non Event,Coact_STD,,HF
pig1670,channel16,0.315966374,0.277805725,0.081022925,0.082699585,Event,Coact_Mean,,HF
pig1670,channel16,0.315966374,0.322999905,0.081022925,0.078716227,Non Event,Coact_Mean,,HF
pig1670,channel16,0.315966374,0.301449108,0.081022925,0.087627548,Event,Coact_STD,,HF
pig1670,channel16,0.315966374,0.317079105,0.081022925,0.080386227,Non Event,Coact_STD,,HF
pig1670,channel4,0.316192208,0.278923403,0.084664703,0.09166766,Event,Coact_Mean,,HF
pig1670,channel4,0.316192208,0.322974011,0.084664703,0.081514809,Non Event,Coact_Mean,,HF
pig1670,channel4,0.316192208,0.3037827,0.084664703,0.091725603,Event,Coact_STD,,HF
pig1670,channel4,0.316192208,0.317467952,0.084664703,0.083801036,Non Event,Coact_STD,,HF
pig1670,channel5,0.315309293,0.288001791,0.088571455,0.112902882,Event,Coact_Mean,,HF
pig1670,channel5,0.315309293,0.320075694,0.088571455,0.082682382,Non Event,Coact_Mean,,HF
pig1670,channel5,0.315309293,0.307204953,0.088571455,0.107033024,Event,Coact_STD,,HF
pig1670,channel5,0.315309293,0.316108701,0.088571455,0.086496136,Non Event,Coact_STD,,HF
pig1670,channel6,0.287847573,0.284204762,0.064757063,0.073850924,Event,Coact_Mean,,HF
pig1670,channel6,0.287847573,0.288476745,0.064757063,0.063032406,Non Event,Coact_Mean,,HF
pig1670,channel6,0.287847573,0.29543352,0.064757063,0.081369874,Event,Coact_STD,,HF
pig1670,channel6,0.287847573,0.287168366,0.064757063,0.063011986,Non Event,Coact_STD,,HF
pig1670,channel7,0.299012429,0.299982744,0.071609535,0.083916674,Event,Coact_Mean,,HF
pig1670,channel7,0.299012429,0.298853261,0.071609535,0.069381292,Non Event,Coact_Mean,,HF
pig1670,channel7,0.299012429,0.304896636,0.071609535,0.079800155,Event,Coact_STD,,HF
pig1670,channel7,0.299012429,0.298538591,0.071609535,0.070887573,Non Event,Coact_STD,,HF
pig1670,channel9,0.320648359,0.314450656,0.08378383,0.091406286,Event,Coact_Mean,,HF
pig1670,channel9,0.320648359,0.321796379,0.08378383,0.08224318,Non Event,Coact_Mean,,HF
pig1670,channel9,0.320648359,0.314670574,0.08378383,0.078639705,Event,Coact_STD,,HF
pig1670,channel9,0.320648359,0.321268491,0.08378383,0.084275238,Non Event,Coact_STD,,HF
pig1690pvccmrtx,channel1,0.440140865,0.422928042,0.074752931,0.059807335,Event,Coact_Mean,,HF
pig1690pvccmrtx,channel1,0.440140865,0.440376567,0.074752931,0.074909455,Non Event,Coact_Mean,,HF
pig1690pvccmrtx,channel1,0.440140865,0.49758079,0.074752931,0.028096484,Event,Coact_STD,,HF
pig1690pvccmrtx,channel1,0.440140865,0.440053305,0.074752931,0.074768164,Non Event,Coact_STD,,HF
pig1690pvccmrtx,channel10,0.445347638,0.470873757,0.085104798,0.100477944,Event,Coact_Mean,,HF
pig1690pvccmrtx,channel10,0.445347638,0.444962787,0.085104798,0.08479293,Non Event,Coact_Mean,,HF
pig1690pvccmrtx,channel10,0.445347638,0.510555493,0.085104798,0.028174328,Event,Coact_STD,,HF
pig1690pvccmrtx,channel10,0.445347638,0.445206457,0.085104798,0.085132623,Non Event,Coact_STD,,HF
pig1690pvccmrtx,channel11,0.360844187,0.366340847,0.061096509,0.039668485,Event,Coact_Mean,,HF
pig1690pvccmrtx,channel11,0.360844187,0.360748572,0.061096509,0.061398763,Non Event,Coact_Mean,,HF
pig1690pvccmrtx,channel11,0.360844187,0.402113932,0.061096509,0.028668886,Event,Coact_STD,,HF
pig1690pvccmrtx,channel11,0.360844187,0.360773504,0.061096509,0.061113393,Non Event,Coact_STD,,HF
pig1690pvccmrtx,channel12,0.41475369,0.382026964,0.057713334,0.04616732,Event,Coact_Mean,,HF
pig1690pvccmrtx,channel12,0.41475369,0.415250302,0.057713334,0.057728072,Non Event,Coact_Mean,,HF
pig1690pvccmrtx,channel12,0.41475369,0.356032615,0.057713334,0.032829846,Event,Coact_STD,,HF
pig1690pvccmrtx,channel12,0.41475369,0.414859209,0.057713334,0.057694629,Non Event,Coact_STD,,HF
pig1690pvccmrtx,channel13,0.428502676,0.437097443,0.063624766,0.048854844,Event,Coact_Mean,,HF
pig1690pvccmrtx,channel13,0.428502676,0.428360658,0.063624766,0.06383041,Non Event,Coact_Mean,,HF
pig1690pvccmrtx,channel13,0.428502676,0.434474689,0.063624766,0.031766793,Event,Coact_STD,,HF
pig1690pvccmrtx,channel13,0.428502676,0.42848295,0.063624766,0.063702673,Non Event,Coact_STD,,HF
pig1690pvccmrtx,channel14,0.46537391,0.453645952,0.060648665,0.054454019,Event,Coact_Mean,,HF
pig1690pvccmrtx,channel14,0.46537391,0.465551232,0.060648665,0.060720096,Non Event,Coact_Mean,,HF
pig1690pvccmrtx,channel14,0.46537391,0.45834874,0.060648665,0.050622147,Event,Coact_STD,,HF
pig1690pvccmrtx,channel14,0.46537391,0.46538851,0.060648665,0.06066693,Non Event,Coact_STD,,HF
pig1690pvccmrtx,channel15,0.43540363,0.489939961,0.057476053,0.075264311,Event,Coact_Mean,,HF
pig1690pvccmrtx,channel15,0.43540363,0.434642336,0.057476053,0.056819343,Non Event,Coact_Mean,,HF
pig1690pvccmrtx,channel15,0.43540363,0.503151032,0.057476053,0.025486373,Event,Coact_STD,,HF
pig1690pvccmrtx,channel15,0.43540363,0.435276205,0.057476053,0.057444229,Non Event,Coact_STD,,HF
pig1690pvccmrtx,channel16,0.411793087,0.484527956,0.07731704,0.121474342,Event,Coact_Mean,,HF
pig1690pvccmrtx,channel16,0.411793087,0.410934765,0.07731704,0.076231032,Non Event,Coact_Mean,,HF
pig1690pvccmrtx,channel16,0.411793087,0.617694849,0.07731704,0,Event,Coact_STD,,HF
pig1690pvccmrtx,channel16,0.411793087,0.411704106,0.07731704,0.077215146,Non Event,Coact_STD,,HF
pig1690pvccmrtx,channel2,0.410074072,0.426728479,0.061392528,0.06042858,Event,Coact_Mean,,HF
pig1690pvccmrtx,channel2,0.410074072,0.409806788,0.061392528,0.061371037,Non Event,Coact_Mean,,HF
pig1690pvccmrtx,channel2,0.410074072,0.480369421,0.061392528,0.04369855,Event,Coact_STD,,HF
pig1690pvccmrtx,channel2,0.410074072,0.409901625,0.061392528,0.061330679,Non Event,Coact_STD,,HF
pig1690pvccmrtx,channel3,0.429648321,0.475524841,0.081057943,0.105629355,Event,Coact_Mean,,HF
pig1690pvccmrtx,channel3,0.429648321,0.429005192,0.081057943,0.080474629,Non Event,Coact_Mean,,HF
pig1690pvccmrtx,channel3,0.429648321,0.631574586,0.081057943,0.041572649,Event,Coact_STD,,HF
pig1690pvccmrtx,channel3,0.429648321,0.429304909,0.081057943,0.080679385,Non Event,Coact_STD,,HF
pig1690pvccmrtx,channel4,0.447025467,0.471676913,0.0668539,0.037792067,Event,Coact_Mean,,HF
pig1690pvccmrtx,channel4,0.447025467,0.446582483,0.0668539,0.067178699,Non Event,Coact_Mean,,HF
pig1690pvccmrtx,channel4,0.447025467,0.473685976,0.0668539,0.02526777,Event,Coact_STD,,HF
pig1690pvccmrtx,channel4,0.447025467,0.446987253,0.0668539,0.066887329,Non Event,Coact_STD,,HF
pig1690pvccmrtx,channel5,0.436000683,0.463876675,0.065326724,0.049449888,Event,Coact_Mean,,HF
pig1690pvccmrtx,channel5,0.436000683,0.435548534,0.065326724,0.065454793,Non Event,Coact_Mean,,HF
pig1690pvccmrtx,channel5,0.436000683,0.412962735,0.065326724,0.044004652,Event,Coact_STD,,HF
pig1690pvccmrtx,channel5,0.436000683,0.436048746,0.065326724,0.065355449,Non Event,Coact_STD,,HF
pig1690pvccmrtx,channel6,0.43309216,0.45263811,0.072914071,0.060984426,Event,Coact_Mean,,HF
pig1690pvccmrtx,channel6,0.43309216,0.432718937,0.072914071,0.073072078,Non Event,Coact_Mean,,HF
pig1690pvccmrtx,channel6,0.43309216,0.437097417,0.072914071,0.032764222,Event,Coact_STD,,HF
pig1690pvccmrtx,channel6,0.43309216,0.433081168,0.072914071,0.072993574,Non Event,Coact_STD,,HF
pig1690pvccmrtx,channel7,0.409835665,0.452092137,0.075769577,0.059597561,Event,Coact_Mean,,HF
pig1690pvccmrtx,channel7,0.409835665,0.409218782,0.075769577,0.075805933,Non Event,Coact_Mean,,HF
pig1690pvccmrtx,channel7,0.409835665,0.530494555,0.075769577,0.034245379,Event,Coact_STD,,HF
pig1690pvccmrtx,channel7,0.409835665,0.409628632,0.075769577,0.075656091,Non Event,Coact_STD,,HF
pig1690pvccmrtx,channel8,0.441687542,0.468429984,0.066635549,0.064002631,Event,Coact_Mean,,HF
pig1690pvccmrtx,channel8,0.441687542,0.441204738,0.066635549,0.066583495,Non Event,Coact_Mean,,HF
pig1690pvccmrtx,channel8,0.441687542,0.447407853,0.066635549,0.042784644,Event,Coact_STD,,HF
pig1690pvccmrtx,channel8,0.441687542,0.44168238,0.066635549,0.066652999,Non Event,Coact_STD,,HF
pig1690pvccmrtx,channel9,0.440439698,0.446961376,0.067488302,0.054488357,Event,Coact_Mean,,HF
pig1690pvccmrtx,channel9,0.440439698,0.440338152,0.067488302,0.067666006,Non Event,Coact_Mean,,HF
pig1690pvccmrtx,channel9,0.440439698,0.540477819,0.067488302,0.023384251,Event,Coact_STD,,HF
pig1690pvccmrtx,channel9,0.440439698,0.440307302,0.067488302,0.067429318,Non Event,Coact_STD,,HF
pig1692chronicpvcrtx,channel1,0.351978801,0.282948341,0.085807567,0.080070311,Event,Coact_Mean,,HF
pig1692chronicpvcrtx,channel1,0.351978801,0.360262456,0.085807567,0.082684322,Non Event,Coact_Mean,,HF
pig1692chronicpvcrtx,channel1,0.351978801,0.300700156,0.085807567,0.09204285,Event,Coact_STD,,HF
pig1692chronicpvcrtx,channel1,0.351978801,0.354881366,0.085807567,0.0845157,Non Event,Coact_STD,,HF
pig1692chronicpvcrtx,channel10,0.338887941,0.30113516,0.080527634,0.09167821,Event,Coact_Mean,,HF
pig1692chronicpvcrtx,channel10,0.338887941,0.342910779,0.080527634,0.078179489,Non Event,Coact_Mean,,HF
pig1692chronicpvcrtx,channel10,0.338887941,0.304718621,0.080527634,0.076710893,Event,Coact_STD,,HF
pig1692chronicpvcrtx,channel10,0.338887941,0.340662971,0.080527634,0.0803248,Non Event,Coact_STD,,HF
pig1692chronicpvcrtx,channel11,0.336441452,0.292281803,0.090619298,0.08134594,Event,Coact_Mean,,HF
pig1692chronicpvcrtx,channel11,0.336441452,0.341862585,0.090619298,0.090215527,Non Event,Coact_Mean,,HF
pig1692chronicpvcrtx,channel11,0.336441452,0.308047221,0.090619298,0.090034783,Event,Coact_STD,,HF
pig1692chronicpvcrtx,channel11,0.336441452,0.338449824,0.090619298,0.090323122,Non Event,Coact_STD,,HF
pig1692chronicpvcrtx,channel12,0.316095873,0.298677648,0.095350844,0.092535522,Event,Coact_Mean,,HF
pig1692chronicpvcrtx,channel12,0.316095873,0.319712772,0.095350844,0.095527694,Non Event,Coact_Mean,,HF
pig1692chronicpvcrtx,channel12,0.316095873,0.334082858,0.095350844,0.093832721,Event,Coact_STD,,HF
pig1692chronicpvcrtx,channel12,0.316095873,0.314306123,0.095350844,0.095315086,Non Event,Coact_STD,,HF
pig1692chronicpvcrtx,channel13,0.271956473,0.256881271,0.074175657,0.068809101,Event,Coact_Mean,,HF
pig1692chronicpvcrtx,channel13,0.271956473,0.274186533,0.074175657,0.074678963,Non Event,Coact_Mean,,HF
pig1692chronicpvcrtx,channel13,0.271956473,0.283543911,0.074175657,0.082113349,Event,Coact_STD,,HF
pig1692chronicpvcrtx,channel13,0.271956473,0.270914906,0.074175657,0.073330497,Non Event,Coact_STD,,HF
pig1692chronicpvcrtx,channel14,0.344533911,0.348106634,0.083814555,0.083107046,Event,Coact_Mean,,HF
pig1692chronicpvcrtx,channel14,0.344533911,0.343971647,0.083814555,0.083911505,Non Event,Coact_Mean,,HF
pig1692chronicpvcrtx,channel14,0.344533911,0.394344188,0.083814555,0.08887693,Event,Coact_STD,,HF
pig1692chronicpvcrtx,channel14,0.344533911,0.341700393,0.083814555,0.082619494,Non Event,Coact_STD,,HF
pig1692chronicpvcrtx,channel15,0.346491888,0.406257141,0.097351363,0.074493917,Event,Coact_Mean,,HF
pig1692chronicpvcrtx,channel15,0.346491888,0.338653822,0.097351363,0.097275634,Non Event,Coact_Mean,,HF
pig1692chronicpvcrtx,channel15,0.346491888,0.354474954,0.097351363,0.068380746,Event,Coact_STD,,HF
pig1692chronicpvcrtx,channel15,0.346491888,0.345590574,0.097351363,0.100056832,Non Event,Coact_STD,,HF
pig1692chronicpvcrtx,channel16,0.313556954,0.278179558,0.066312229,0.084081375,Event,Coact_Mean,,HF
pig1692chronicpvcrtx,channel16,0.313556954,0.316429828,0.066312229,0.063799765,Non Event,Coact_Mean,,HF
pig1692chronicpvcrtx,channel16,0.313556954,0.306287794,0.066312229,0.074154545,Event,Coact_STD,,HF
pig1692chronicpvcrtx,channel16,0.313556954,0.314039347,0.066312229,0.065730279,Non Event,Coact_STD,,HF
pig1692chronicpvcrtx,channel2,0.364154058,0.321274093,0.082197141,0.068825322,Event,Coact_Mean,,HF
pig1692chronicpvcrtx,channel2,0.364154058,0.368987799,0.082197141,0.082178956,Non Event,Coact_Mean,,HF
pig1692chronicpvcrtx,channel2,0.364154058,0.335054562,0.082197141,0.066675819,Event,Coact_STD,,HF
pig1692chronicpvcrtx,channel2,0.364154058,0.366026547,0.082197141,0.082746989,Non Event,Coact_STD,,HF
pig1692chronicpvcrtx,channel3,0.359549196,0.324903207,0.090231899,0.101600113,Event,Coact_Mean,,HF
pig1692chronicpvcrtx,channel3,0.359549196,0.365170998,0.090231899,0.086957199,Non Event,Coact_Mean,,HF
pig1692chronicpvcrtx,channel3,0.359549196,0.342671901,0.090231899,0.125317031,Event,Coact_STD,,HF
pig1692chronicpvcrtx,channel3,0.359549196,0.361105259,0.090231899,0.086115356,Non Event,Coact_STD,,HF
pig1692chronicpvcrtx,channel4,0.343931506,0.265379769,0.063103698,0.054875214,Event,Coact_Mean,,HF
pig1692chronicpvcrtx,channel4,0.343931506,0.348976113,0.063103698,0.060188954,Non Event,Coact_Mean,,HF
pig1692chronicpvcrtx,channel4,0.343931506,0.31444654,0.063103698,0.057790348,Event,Coact_STD,,HF
pig1692chronicpvcrtx,channel4,0.343931506,0.345305993,0.063103698,0.063004802,Non Event,Coact_STD,,HF
pig1692chronicpvcrtx,channel5,0.292669364,0.279075938,0.088172333,0.086930099,Event,Coact_Mean,,HF
pig1692chronicpvcrtx,channel5,0.292669364,0.295479178,0.088172333,0.088165936,Non Event,Coact_Mean,,HF
pig1692chronicpvcrtx,channel5,0.292669364,0.273791936,0.088172333,0.074956087,Event,Coact_STD,,HF
pig1692chronicpvcrtx,channel5,0.292669364,0.29449003,0.088172333,0.089132541,Non Event,Coact_STD,,HF
pig1692chronicpvcrtx,channel6,0.344016286,0.300685626,0.062126962,0.086858583,Event,Coact_Mean,,HF
pig1692chronicpvcrtx,channel6,0.344016286,0.347072155,0.062126962,0.058806039,Non Event,Coact_Mean,,HF
pig1692chronicpvcrtx,channel6,0.344016286,0.352495554,0.062126962,0.060991777,Event,Coact_STD,,HF
pig1692chronicpvcrtx,channel6,0.344016286,0.343467269,0.062126962,0.062159892,Non Event,Coact_STD,,HF
pig1692chronicpvcrtx,channel7,0.330318791,0.251053457,0.07260278,0.087679336,Event,Coact_Mean,,HF
pig1692chronicpvcrtx,channel7,0.330318791,0.336995262,0.07260278,0.067036074,Non Event,Coact_Mean,,HF
pig1692chronicpvcrtx,channel7,0.330318791,0.306865246,0.07260278,0.077739065,Event,Coact_STD,,HF
pig1692chronicpvcrtx,channel7,0.330318791,0.331456918,0.07260278,0.072150557,Non Event,Coact_STD,,HF
pig1692chronicpvcrtx,channel8,0.337156811,0.293468708,0.063922192,0.077484273,Event,Coact_Mean,,HF
pig1692chronicpvcrtx,channel8,0.337156811,0.34108995,0.063922192,0.061041736,Non Event,Coact_Mean,,HF
pig1692chronicpvcrtx,channel8,0.337156811,0.334920354,0.063922192,0.054935375,Event,Coact_STD,,HF
pig1692chronicpvcrtx,channel8,0.337156811,0.337308538,0.063922192,0.064483722,Non Event,Coact_STD,,HF
pig1692chronicpvcrtx,channel9,0.339876258,0.290366916,0.078867225,0.082102848,Event,Coact_Mean,,HF
pig1692chronicpvcrtx,channel9,0.339876258,0.344608768,0.078867225,0.076899629,Non Event,Coact_Mean,,HF
pig1692chronicpvcrtx,channel9,0.339876258,0.327439092,0.078867225,0.069363318,Event,Coact_STD,,HF
pig1692chronicpvcrtx,channel9,0.339876258,0.340581912,0.078867225,0.079313902,Non Event,Coact_STD,,HF
pig1774pvc,channel10,0.369667433,0.280935631,0.114903315,0.095340396,Event,Coact_Mean,,HF
pig1774pvc,channel10,0.369667433,0.377821166,0.114903315,0.113096165,Non Event,Coact_Mean,,HF
pig1774pvc,channel10,0.369667433,0.296603944,0.114903315,0.104343443,Event,Coact_STD,,HF
pig1774pvc,channel10,0.369667433,0.375317676,0.114903315,0.113741213,Non Event,Coact_STD,,HF
pig1774pvc,channel11,0.479299916,0.495680933,0.101116654,0.121507081,Event,Coact_Mean,,HF
pig1774pvc,channel11,0.479299916,0.478259851,0.101116654,0.099590377,Non Event,Coact_Mean,,HF
pig1774pvc,channel11,0.479299916,0.477646589,0.101116654,0.12103542,Event,Coact_STD,,HF
pig1774pvc,channel11,0.479299916,0.479404889,0.101116654,0.099716804,Non Event,Coact_STD,,HF
pig1774pvc,channel12,0.499604896,0.467976033,0.092396448,0.111424897,Event,Coact_Mean,,HF
pig1774pvc,channel12,0.499604896,0.501262861,0.092396448,0.090986877,Non Event,Coact_Mean,,HF
pig1774pvc,channel12,0.499604896,0.472729457,0.092396448,0.093100671,Event,Coact_STD,,HF
pig1774pvc,channel12,0.499604896,0.501243642,0.092396448,0.092100004,Non Event,Coact_STD,,HF
pig1774pvc,channel13,0.475355722,0.451095591,0.070180386,0.055604825,Event,Coact_Mean,,HF
pig1774pvc,channel13,0.475355722,0.476675428,0.070180386,0.070648863,Non Event,Coact_Mean,,HF
pig1774pvc,channel13,0.475355722,0.456858577,0.070180386,0.066460091,Event,Coact_STD,,HF
pig1774pvc,channel13,0.475355722,0.476407184,0.070180386,0.070239793,Non Event,Coact_STD,,HF
pig1774pvc,channel14,0.47884683,0.427568454,0.106022397,0.099000828,Event,Coact_Mean,,HF
pig1774pvc,channel14,0.47884683,0.482749909,0.106022397,0.105522253,Non Event,Coact_Mean,,HF
pig1774pvc,channel14,0.47884683,0.413182348,0.106022397,0.094775723,Event,Coact_STD,,HF
pig1774pvc,channel14,0.47884683,0.483659934,0.106022397,0.105200111,Non Event,Coact_STD,,HF
pig1774pvc,channel15,0.497417211,0.475473555,0.091444592,0.090179319,Event,Coact_Mean,,HF
pig1774pvc,channel15,0.497417211,0.498898937,0.091444592,0.09133959,Non Event,Coact_Mean,,HF
pig1774pvc,channel15,0.497417211,0.459369575,0.091444592,0.072459528,Event,Coact_STD,,HF
pig1774pvc,channel15,0.497417211,0.499856162,0.091444592,0.091993687,Non Event,Coact_STD,,HF
pig1774pvc,channel16,0.446787576,0.349140296,0.115024215,0.096999069,Event,Coact_Mean,,HF
pig1774pvc,channel16,0.446787576,0.457637274,0.115024215,0.111705191,Non Event,Coact_Mean,,HF
pig1774pvc,channel16,0.446787576,0.413096353,0.115024215,0.042919662,Event,Coact_STD,,HF
pig1774pvc,channel16,0.446787576,0.449194092,0.115024215,0.118140436,Non Event,Coact_STD,,HF
pig1774pvc,channel2,0.429185802,0.407319786,0.085879235,0.109435951,Event,Coact_Mean,,HF
pig1774pvc,channel2,0.429185802,0.430595284,0.085879235,0.083939606,Non Event,Coact_Mean,,HF
pig1774pvc,channel2,0.429185802,0.426765195,0.085879235,0.111199837,Event,Coact_STD,,HF
pig1774pvc,channel2,0.429185802,0.429355372,0.085879235,0.083816647,Non Event,Coact_STD,,HF
pig1774pvc,channel3,0.490749699,0.486082972,0.090583428,0.110038981,Event,Coact_Mean,,HF
pig1774pvc,channel3,0.490749699,0.491054399,0.090583428,0.089157127,Non Event,Coact_Mean,,HF
pig1774pvc,channel3,0.490749699,0.480615504,0.090583428,0.084801164,Event,Coact_STD,,HF
pig1774pvc,channel3,0.490749699,0.491486094,0.090583428,0.090945274,Non Event,Coact_STD,,HF
pig1774pvc,channel4,0.413614403,0.394011504,0.088816928,0.085500351,Event,Coact_Mean,,HF
pig1774pvc,channel4,0.413614403,0.415047274,0.088816928,0.088885117,Non Event,Coact_Mean,,HF
pig1774pvc,channel4,0.413614403,0.397549184,0.088816928,0.069824221,Event,Coact_STD,,HF
pig1774pvc,channel4,0.413614403,0.414842478,0.088816928,0.089986299,Non Event,Coact_STD,,HF
pig1774pvc,channel5,0.459630217,0.469790555,0.088793729,0.095116917,Event,Coact_Mean,,HF
pig1774pvc,channel5,0.459630217,0.458995196,0.088793729,0.08834472,Non Event,Coact_Mean,,HF
pig1774pvc,channel5,0.459630217,0.441140989,0.088793729,0.096450582,Event,Coact_STD,,HF
pig1774pvc,channel5,0.459630217,0.460785794,0.088793729,0.088164482,Non Event,Coact_STD,,HF
pig1774pvc,channel6,0.461587566,0.414108146,0.093273598,0.097501742,Event,Coact_Mean,,HF
pig1774pvc,channel6,0.461587566,0.464222059,0.093273598,0.092321081,Non Event,Coact_Mean,,HF
pig1774pvc,channel6,0.461587566,0.455471525,0.093273598,0.092221936,Event,Coact_STD,,HF
pig1774pvc,channel6,0.461587566,0.461903135,0.093273598,0.093316665,Non Event,Coact_STD,,HF
pig1774pvc,channel7,0.400417658,0.429391852,0.076655924,0.064555513,Event,Coact_Mean,,HF
pig1774pvc,channel7,0.400417658,0.399113133,0.076655924,0.076899701,Non Event,Coact_Mean,,HF
pig1774pvc,channel7,0.400417658,0.41584164,0.076655924,0.051388265,Event,Coact_STD,,HF
pig1774pvc,channel7,0.400417658,0.399684928,0.076655924,0.077575716,Non Event,Coact_STD,,HF
pig1774pvc,channel8,0.493164239,0.447312084,0.080743967,0.082716396,Event,Coact_Mean,,HF
pig1774pvc,channel8,0.493164239,0.496392337,0.080743967,0.079614406,Non Event,Coact_Mean,,HF
pig1774pvc,channel8,0.493164239,0.437913496,0.080743967,0.088276812,Event,Coact_STD,,HF
pig1774pvc,channel8,0.493164239,0.496465137,0.080743967,0.079058515,Non Event,Coact_STD,,HF
pig1841pvc,channel1,0.43059668,0.414968191,0.061747624,0.026809297,Event,Coact_Mean,,HF
pig1841pvc,channel1,0.43059668,0.43112467,0.061747624,0.06252013,Non Event,Coact_Mean,,HF
pig1841pvc,channel1,0.43059668,0.436150352,0.061747624,0.041912339,Event,Coact_STD,,HF
pig1841pvc,channel1,0.43059668,0.430447589,0.061747624,0.062186147,Non Event,Coact_STD,,HF
pig1841pvc,channel10,0.454319451,0.442511401,0.053272495,0.073516604,Event,Coact_Mean,,HF
pig1841pvc,channel10,0.454319451,0.454561887,0.053272495,0.052747878,Non Event,Coact_Mean,,HF
pig1841pvc,channel10,0.454319451,0.468025708,0.053272495,0.049103143,Event,Coact_STD,,HF
pig1841pvc,channel10,0.454319451,0.453970141,0.053272495,0.053328484,Non Event,Coact_STD,,HF
pig1841pvc,channel15,0.443578461,0.485542109,0.073114251,0.074144119,Event,Coact_Mean,,HF
pig1841pvc,channel15,0.443578461,0.441884861,0.073114251,0.072564696,Non Event,Coact_Mean,,HF
pig1841pvc,channel15,0.443578461,0.452173823,0.073114251,0.066869875,Event,Coact_STD,,HF
pig1841pvc,channel15,0.443578461,0.44331105,0.073114251,0.07328382,Non Event,Coact_STD,,HF
pig1841pvc,channel16,0.460062069,0.474117189,0.04970234,0.044953627,Event,Coact_Mean,,HF
pig1841pvc,channel16,0.460062069,0.459741541,0.04970234,0.049759075,Non Event,Coact_Mean,,HF
pig1841pvc,channel16,0.460062069,0.476243395,0.04970234,0.040240178,Event,Coact_STD,,HF
pig1841pvc,channel16,0.460062069,0.459711903,0.04970234,0.049829215,Non Event,Coact_STD,,HF
pig1841pvc,channel2,0.415169242,0.454921407,0.069704625,0.045022983,Event,Coact_Mean,,HF
pig1841pvc,channel2,0.415169242,0.414311842,0.069704625,0.069892712,Non Event,Coact_Mean,,HF
pig1841pvc,channel2,0.415169242,0.4687366,0.069704625,0.03915572,Event,Coact_STD,,HF
pig1841pvc,channel2,0.415169242,0.414013867,0.069704625,0.069765589,Non Event,Coact_STD,,HF
pig1841pvc,channel3,0.42126357,0.421289992,0.085238426,0.103697015,Event,Coact_Mean,,HF
pig1841pvc,channel3,0.42126357,0.421262795,0.085238426,0.084636382,Non Event,Coact_Mean,,HF
pig1841pvc,channel3,0.42126357,0.463346647,0.085238426,0.046456025,Event,Coact_STD,,HF
pig1841pvc,channel3,0.42126357,0.420156121,0.085238426,0.085744761,Non Event,Coact_STD,,HF
pig1841pvc,channel4,0.424775928,0.455355654,0.079655991,0.070356138,Event,Coact_Mean,,HF
pig1841pvc,channel4,0.424775928,0.424036096,0.079655991,0.07972238,Non Event,Coact_Mean,,HF
pig1841pvc,channel4,0.424775928,0.456372553,0.079655991,0.028959117,Event,Coact_STD,,HF
pig1841pvc,channel4,0.424775928,0.423924267,0.079655991,0.080410594,Non Event,Coact_STD,,HF
pig1841pvc,channel5,0.394908354,0.396837883,0.093110393,0.062734943,Event,Coact_Mean,,HF
pig1841pvc,channel5,0.394908354,0.394843069,0.093110393,0.093965864,Non Event,Coact_Mean,,HF
pig1841pvc,channel5,0.394908354,0.46852547,0.093110393,0.023531361,Event,Coact_STD,,HF
pig1841pvc,channel5,0.394908354,0.39241755,0.093110393,0.093565863,Non Event,Coact_STD,,HF
pig1841pvc,channel6,0.431015784,0.465448954,0.065035313,0.079088935,Event,Coact_Mean,,HF
pig1841pvc,channel6,0.431015784,0.430413806,0.065035313,0.064599468,Non Event,Coact_Mean,,HF
pig1841pvc,channel6,0.431015784,0.438363266,0.065035313,0.089090277,Event,Coact_STD,,HF
pig1841pvc,channel6,0.431015784,0.430900379,0.065035313,0.064579392,Non Event,Coact_STD,,HF
pig1841pvc,channel7,0.401015745,0.396810693,0.080281587,0.052624968,Event,Coact_Mean,,HF
pig1841pvc,channel7,0.401015745,0.40110335,0.080281587,0.080754784,Non Event,Coact_Mean,,HF
pig1841pvc,channel7,0.401015745,0.427973198,0.080281587,0.026770063,Event,Coact_STD,,HF
pig1841pvc,channel7,0.401015745,0.400222879,0.080281587,0.081188768,Non Event,Coact_STD,,HF
pig1843pvc,channel1,0.336923929,0.331763315,0.066730686,0.063335699,Event,Coact_Mean,,HF
pig1843pvc,channel1,0.336923929,0.337178564,0.066730686,0.066883434,Non Event,Coact_Mean,,HF
pig1843pvc,channel1,0.336923929,0.320351753,0.066730686,0.053966004,Event,Coact_STD,,HF
pig1843pvc,channel1,0.336923929,0.337627975,0.066730686,0.067128785,Non Event,Coact_STD,,HF
pig1843pvc,channel2,0.331430656,0.359888439,0.066933106,0.046267774,Event,Coact_Mean,,HF
pig1843pvc,channel2,0.331430656,0.33076411,0.066933106,0.067196878,Non Event,Coact_Mean,,HF
pig1843pvc,channel2,0.331430656,0.365627344,0.066933106,0.045323404,Event,Coact_STD,,HF
pig1843pvc,channel2,0.331430656,0.330652448,0.066933106,0.067141843,Non Event,Coact_STD,,HF
pig1843pvc,channel3,0.313428077,0.338832465,0.057362943,0.05456746,Event,Coact_Mean,,HF
pig1843pvc,channel3,0.313428077,0.312428858,0.057362943,0.05724012,Non Event,Coact_Mean,,HF
pig1843pvc,channel3,0.313428077,0.336492942,0.057362943,0.060685907,Event,Coact_STD,,HF
pig1843pvc,channel3,0.313428077,0.312775298,0.057362943,0.057130752,Non Event,Coact_STD,,HF
pig1843pvc,channel4,0.195279185,0.234502631,0.062570135,0.066868898,Event,Coact_Mean,,HF
pig1843pvc,channel4,0.195279185,0.193835023,0.062570135,0.061933869,Non Event,Coact_Mean,,HF
pig1843pvc,channel4,0.195279185,0.234046374,0.062570135,0.070252716,Event,Coact_STD,,HF
pig1843pvc,channel4,0.195279185,0.194203891,0.062570135,0.061998998,Non Event,Coact_STD,,HF
pig1843pvc,channel5,0.356202587,0.388501964,0.07451633,0.065229019,Event,Coact_Mean,,HF
pig1843pvc,channel5,0.356202587,0.355263348,0.07451633,0.074560077,Non Event,Coact_Mean,,HF
pig1843pvc,channel5,0.356202587,0.387458358,0.07451633,0.074132172,Event,Coact_STD,,HF
pig1843pvc,channel5,0.356202587,0.35550021,0.07451633,0.074374189,Non Event,Coact_STD,,HF
pig1843pvc,channel6,0.328972448,0.335816623,0.090665267,0.038676272,Event,Coact_Mean,,HF
pig1843pvc,channel6,0.328972448,0.328723569,0.090665267,0.091994276,Non Event,Coact_Mean,,HF
pig1843pvc,channel6,0.328972448,0.352432667,0.090665267,0.027146934,Event,Coact_STD,,HF
pig1843pvc,channel6,0.328972448,0.327669102,0.090665267,0.092755865,Non Event,Coact_STD,,HF
