Animal,Channel,Baseline_Entropy_Mean,Entropy_Mean,Baseline_Entropy_Std,Entropy_Std,Event_type,Coact_Type,Animal_Type
1,1,0.351364316,0.294495944,0.065217647,0.023321056,1,1,1
1,1,0.351364316,0.351581578,0.065217647,0.06523121,2,1,1
1,1,0.351364316,0.298830627,0.065217647,0.030516722,1,2,1
1,1,0.351364316,0.351565018,0.065217647,0.065233805,2,2,1
1,10,0.29815166,0.290355411,0.056483201,0,1,1,1
1,10,0.29815166,0.298154969,0.056483201,0.056494959,2,1,1
1,10,0.29815166,0.315607381,0.056483201,0.034360319,1,2,1
1,10,0.29815166,0.298092211,0.056483201,0.056534549,2,2,1
1,11,0.311375023,0.312461615,0.059606533,0.018010743,1,1,1
1,11,0.311375023,0.311373516,0.059606533,0.059644069,2,1,1
1,11,0.311375023,0.356039245,0.059606533,0.024359003,1,2,1
1,11,0.311375023,0.311157452,0.059606533,0.059645542,2,2,1
1,12,0.31487191,0.34464871,0.0566185,0.003663095,1,1,1
1,12,0.31487191,0.314825708,0.0566185,0.056650063,2,1,1
1,12,0.31487191,0.287903175,0.0566185,0.01781883,1,2,1
1,12,0.31487191,0.314976765,0.0566185,0.056692547,2,2,1
1,13,0.350965921,0.330712661,0.06063349,0.019492662,1,1,1
1,13,0.350965921,0.351029298,0.06063349,0.060707889,2,1,1
1,13,0.350965921,0.380706629,0.06063349,0.020142599,1,2,1
1,13,0.350965921,0.350926108,0.06063349,0.060659813,2,2,1
1,14,0.314600894,0.343640681,0.063080175,0.0355153,1,1,1
1,14,0.314600894,0.314517206,0.063080175,0.063122923,2,1,1
1,14,0.314600894,0.388216645,0.063080175,0.027392878,1,2,1
1,14,0.314600894,0.314327906,0.063080175,0.063015164,2,2,1
1,15,0.315915824,0.333871142,0.054299662,0.040217705,1,1,1
1,15,0.315915824,0.315862876,0.054299662,0.054327017,2,1,1
1,15,0.315915824,0.31318277,0.054299662,0.029358871,1,2,1
1,15,0.315915824,0.315927481,0.054299662,0.054381251,2,2,1
1,2,0.333171167,0.321204517,0.058192914,0.022179669,1,1,1
1,2,0.333171167,0.333207651,0.058192914,0.058264929,2,1,1
1,2,0.333171167,0.262208015,0.058192914,0.042480329,1,2,1
1,2,0.333171167,0.333387518,0.058192914,0.058101964,2,2,1
1,3,0.330401495,0.324582346,0.062415546,0.021293093,1,1,1
1,3,0.330401495,0.330420112,0.062415546,0.062502837,2,1,1
1,3,0.330401495,0.325052941,0.062415546,0.015284393,1,2,1
1,3,0.330401495,0.330418606,0.062415546,0.062508596,2,2,1
1,7,0.322709967,0.294039829,0.058611043,0.03941626,1,1,1
1,7,0.322709967,0.322796388,0.058611043,0.058638222,2,1,1
1,7,0.322709967,0.299683591,0.058611043,0.029678898,1,2,1
1,7,0.322709967,0.322796794,0.058611043,0.058676057,2,2,1
1,8,0.310722594,0.308183002,0.061131426,0.026989797,1,1,1
1,8,0.310722594,0.310728862,0.061131426,0.061192003,2,1,1
1,8,0.310722594,0.316525485,0.061131426,0.027560273,1,2,1
1,8,0.310722594,0.310706219,0.061131426,0.06119933,2,2,1
1,9,0.304863666,0.333436598,0.056737838,0.019703299,1,1,1
1,9,0.304863666,0.304785341,0.056737838,0.056786429,2,1,1
1,9,0.304863666,0.313971778,0.056737838,0.026551933,1,2,1
1,9,0.304863666,0.304813594,0.056737838,0.056855479,2,2,1
2,1,0.255952668,0.255256051,0.053809506,0.068139336,1,1,1
2,1,0.255952668,0.255969009,0.053809506,0.053427132,2,1,1
2,1,0.255952668,0.182850972,0.053809506,0.039991583,1,2,1
2,1,0.255952668,0.256389655,0.053809506,0.053582418,2,2,1
2,10,0.314762563,0.289348711,0.055698145,0.040416811,1,1,1
2,10,0.314762563,0.315558623,0.055698145,0.055923395,2,1,1
2,10,0.314762563,0.279469135,0.055698145,0.020044807,1,2,1
2,10,0.314762563,0.315027467,0.055698145,0.055795457,2,2,1
2,11,0.347368494,0.328369485,0.05125924,0.05295191,1,1,1
2,11,0.347368494,0.347963033,0.05125924,0.051091493,2,1,1
2,11,0.347368494,0.354367542,0.05125924,0.039859647,1,2,1
2,11,0.347368494,0.34729751,0.05125924,0.05135701,2,2,1
2,12,0.291983813,0.301442725,0.058114996,0.077996309,1,1,1
2,12,0.291983813,0.291691595,0.058114996,0.057366397,2,1,1
2,12,0.291983813,0.228832527,0.058114996,0.031965061,1,2,1
2,12,0.291983813,0.292309423,0.058114996,0.058041619,2,2,1
2,13,0.296395675,0.301775161,0.050559266,0.054699956,1,1,1
2,13,0.296395675,0.296233622,0.050559266,0.050420351,2,1,1
2,13,0.296395675,0.269656342,0.050559266,0.044027107,1,2,1
2,13,0.296395675,0.296598737,0.050559266,0.050551562,2,2,1
2,14,0.340020105,0.317520598,0.066174114,0.045929439,1,1,1
2,14,0.340020105,0.340819378,0.066174114,0.066640926,2,1,1
2,14,0.340020105,0.321905626,0.066174114,0.024629467,1,2,1
2,14,0.340020105,0.340161013,0.066174114,0.066376092,2,2,1
2,15,0.328841522,0.31985539,0.049051287,0.049394961,1,1,1
2,15,0.328841522,0.329062986,0.049051287,0.049021993,2,1,1
2,15,0.328841522,0.306659682,0.049051287,0.053284298,1,2,1
2,15,0.328841522,0.328969842,0.049051287,0.04899653,2,2,1
2,16,0.324089141,0.314921294,0.060177967,0.045614973,1,1,1
2,16,0.324089141,0.324395842,0.060177967,0.060580715,2,1,1
2,16,0.324089141,0.323722689,0.060177967,0.036051163,1,2,1
2,16,0.324089141,0.324091318,0.060177967,0.060292447,2,2,1
2,2,0.342209651,0.343581145,0.050478617,0.045787772,1,1,1
2,2,0.342209651,0.342159117,0.050478617,0.050642449,2,1,1
2,2,0.342209651,0.319164035,0.050478617,0.036596578,1,2,1
2,2,0.342209651,0.342348991,0.050478617,0.050518994,2,2,1
2,3,0.32935696,0.323272245,0.043139621,0.043679634,1,1,1
2,3,0.32935696,0.329576681,0.043139621,0.043103929,2,1,1
2,3,0.32935696,0.348624116,0.043139621,0.041187021,1,2,1
2,3,0.32935696,0.329177843,0.043139621,0.043116986,2,2,1
2,4,0.314743818,0.324522913,0.05253278,0.043402058,1,1,1
2,4,0.314743818,0.314407874,0.05253278,0.052786237,2,1,1
2,4,0.314743818,0.28734973,0.05253278,0.043197272,1,2,1
2,4,0.314743818,0.314965951,0.05253278,0.052543366,2,2,1
2,5,0.326546023,0.339146828,0.047380454,0.054006776,1,1,1
2,5,0.326546023,0.326065615,0.047380454,0.047042637,2,1,1
2,5,0.326546023,0.285562389,0.047380454,0.037112191,1,2,1
2,5,0.326546023,0.326840292,0.047380454,0.047317968,2,2,1
2,6,0.339472258,0.330099381,0.05230319,0.04652514,1,1,1
2,6,0.339472258,0.339778711,0.05230319,0.052453101,2,1,1
2,6,0.339472258,0.30801847,0.05230319,0.037242591,1,2,1
2,6,0.339472258,0.339773185,0.05230319,0.052335173,2,2,1
2,7,0.313895363,0.29420373,0.057327433,0.047139445,1,1,1
2,7,0.313895363,0.314425442,0.057327433,0.057483611,2,1,1
2,7,0.313895363,0.262316119,0.057327433,0.022246423,1,2,1
2,7,0.313895363,0.314083462,0.057327433,0.057331294,2,2,1
2,8,0.366583781,0.371303055,0.05624699,0.060061555,1,1,1
2,8,0.366583781,0.366457216,0.05624699,0.056135657,2,1,1
2,8,0.366583781,0.400041984,0.05624699,0.051567032,1,2,1
2,8,0.366583781,0.366371509,0.05624699,0.0562119,2,2,1
2,9,0.277139775,0.252808501,0.052002277,0.032376789,1,1,1
2,9,0.277139775,0.277911693,0.052002277,0.052320127,2,1,1
2,9,0.277139775,0.221037169,0.052002277,0.040192481,1,2,1
2,9,0.277139775,0.277616432,0.052002277,0.051831636,2,2,1
3,1,0.30252219,0.332228016,0.047689626,0.05200845,1,1,1
3,1,0.30252219,0.301511259,0.047689626,0.047207994,2,1,1
3,1,0.30252219,0.324881185,0.047689626,0.055193912,1,2,1
3,1,0.30252219,0.301924401,0.047689626,0.047327953,2,2,1
3,10,0.27378291,0.245433877,0.049802511,0.050020236,1,1,1
3,10,0.27378291,0.274664809,0.049802511,0.049536201,2,1,1
3,10,0.27378291,0.235316815,0.049802511,0.045926346,1,2,1
3,10,0.27378291,0.274756461,0.049802511,0.049510452,2,2,1
3,11,0.278944234,0.26625396,0.054068806,0.051334478,1,1,1
3,11,0.278944234,0.279364954,0.054068806,0.054106142,2,1,1
3,11,0.278944234,0.255186607,0.054068806,0.045134891,1,2,1
3,11,0.278944234,0.27958331,0.054068806,0.054145038,2,2,1
3,13,0.305046581,0.254516202,0.076336536,0.100220502,1,1,1
3,13,0.305046581,0.306515221,0.076336536,0.075022246,2,1,1
3,13,0.305046581,0.237155625,0.076336536,0.095010307,1,2,1
3,13,0.305046581,0.306515817,0.076336536,0.07520715,2,2,1
3,14,0.309914552,0.288409143,0.074502543,0.093310135,1,1,1
3,14,0.309914552,0.311539405,0.074502543,0.072626309,2,1,1
3,14,0.309914552,0.29327401,0.074502543,0.091421165,1,2,1
3,14,0.309914552,0.31052031,0.074502543,0.073742745,2,2,1
3,15,0.331983228,0.32345426,0.062031132,0.070764001,1,1,1
3,15,0.331983228,0.332706022,0.062031132,0.061179212,2,1,1
3,15,0.331983228,0.287440197,0.062031132,0.063309334,1,2,1
3,15,0.331983228,0.334046529,0.062031132,0.061190499,2,2,1
3,16,0.326285323,0.327547969,0.072559271,0.073839245,1,1,1
3,16,0.326285323,0.326204384,0.072559271,0.0724757,2,1,1
3,16,0.326285323,0.336404275,0.072559271,0.048728893,1,2,1
3,16,0.326285323,0.325853106,0.072559271,0.073374003,2,2,1
3,2,0.281281788,0.30358381,0.047815905,0.071824391,1,1,1
3,2,0.281281788,0.28067214,0.047815905,0.046838801,2,1,1
3,2,0.281281788,0.274654174,0.047815905,0.068581173,1,2,1
3,2,0.281281788,0.281409242,0.047815905,0.04731827,2,2,1
3,3,0.331580641,0.340788838,0.072157535,0.071731056,1,1,1
3,3,0.331580641,0.331199262,0.072157535,0.072149804,2,1,1
3,3,0.331580641,0.329779484,0.072157535,0.058471778,1,2,1
3,3,0.331580641,0.33163475,0.072157535,0.072528033,2,2,1
3,4,0.336117011,0.299564474,0.083150298,0.065855454,1,1,1
3,4,0.336117011,0.337400494,0.083150298,0.083402029,2,1,1
3,4,0.336117011,0.295593973,0.083150298,0.066527908,1,2,1
3,4,0.336117011,0.337235294,0.083150298,0.083283041,2,2,1
3,5,0.304098476,0.293563199,0.056703441,0.046535153,1,1,1
3,5,0.304098476,0.304403468,0.056703441,0.056941761,2,1,1
3,5,0.304098476,0.280786905,0.056703441,0.046340202,1,2,1
3,5,0.304098476,0.304694238,0.056703441,0.056818378,2,2,1
3,6,0.270917334,0.239380775,0.079218531,0.079918884,1,1,1
3,6,0.270917334,0.271902852,0.079218531,0.078993934,2,1,1
3,6,0.270917334,0.228756817,0.079218531,0.066494157,1,2,1
3,6,0.270917334,0.272065675,0.079218531,0.079223375,2,2,1
3,7,0.34308509,0.33942302,0.089148774,0.103184573,1,1,1
3,7,0.34308509,0.343315645,0.089148774,0.088185312,2,1,1
3,7,0.34308509,0.358177595,0.089148774,0.115029087,1,2,1
3,7,0.34308509,0.342502118,0.089148774,0.087944615,2,2,1
3,8,0.282596742,0.272137678,0.076722548,0.107886767,1,1,1
3,8,0.282596742,0.283223242,0.076722548,0.074396145,2,1,1
3,8,0.282596742,0.256017616,0.076722548,0.068908061,1,2,1
3,8,0.282596742,0.283773195,0.076722548,0.076837933,2,2,1
3,9,0.279111055,0.252271979,0.053573291,0.058535532,1,1,1
3,9,0.279111055,0.279909432,0.053573291,0.053211689,2,1,1
3,9,0.279111055,0.242537384,0.053573291,0.053553877,1,2,1
3,9,0.279111055,0.280080199,0.053573291,0.053233149,2,2,1
4,1,0.382224833,0.392738328,0.072519754,0.036770232,1,1,1
4,1,0.382224833,0.382092046,0.072519754,0.072849489,2,1,1
4,1,0.382224833,0.385669195,0.072519754,0.045908682,1,2,1
4,1,0.382224833,0.382189811,0.072519754,0.072739518,2,2,1
4,10,0.353063409,0.334888044,0.072380942,0.054474368,1,1,1
4,10,0.353063409,0.353279782,0.072380942,0.072540081,2,1,1
4,10,0.353063409,0.340652723,0.072380942,0.050420074,1,2,1
4,10,0.353063409,0.353177075,0.072380942,0.072541551,2,2,1
4,11,0.29971972,0.272066128,0.062066933,0.049710816,1,1,1
4,11,0.29971972,0.30010478,0.062066933,0.062134847,2,1,1
4,11,0.29971972,0.278930663,0.062066933,0.064591846,1,2,1
4,11,0.29971972,0.299949466,0.062066933,0.061999524,2,2,1
4,12,0.362857663,0.34575548,0.071337778,0.032766134,1,1,1
4,12,0.362857663,0.363111068,0.071337778,0.071722926,2,1,1
4,12,0.362857663,0.350969357,0.071337778,0.030732251,1,2,1
4,12,0.362857663,0.362973264,0.071337778,0.071610005,2,2,1
4,13,0.325519692,0.317622691,0.078268862,0.052159191,1,1,1
4,13,0.325519692,0.325609494,0.078268862,0.078511289,2,1,1
4,13,0.325519692,0.319550532,0.078268862,0.052082521,1,2,1
4,13,0.325519692,0.325569412,0.078268862,0.078448375,2,2,1
4,14,0.352851514,0.361597636,0.076361155,0.037085603,1,1,1
4,14,0.352851514,0.352742962,0.076361155,0.076716139,2,1,1
4,14,0.352851514,0.367620697,0.076361155,0.040550749,1,2,1
4,14,0.352851514,0.352743573,0.076361155,0.076550756,2,2,1
4,15,0.393485882,0.36517779,0.070217507,0.058285635,1,1,1
4,15,0.393485882,0.393865941,0.070217507,0.070286419,2,1,1
4,15,0.393485882,0.378823405,0.070217507,0.046899733,1,2,1
4,15,0.393485882,0.393616535,0.070217507,0.070376841,2,2,1
4,16,0.454859101,0.418242684,0.06264387,0.063106984,1,1,1
4,16,0.454859101,0.455350527,0.06264387,0.062491897,2,1,1
4,16,0.454859101,0.430112888,0.06264387,0.063663226,1,2,1
4,16,0.454859101,0.455070066,0.06264387,0.062593065,2,2,1
4,2,0.389192552,0.383572306,0.074787239,0.052126141,1,1,1
4,2,0.389192552,0.389258488,0.074787239,0.075009982,2,1,1
4,2,0.389192552,0.362865607,0.074787239,0.052302011,1,2,1
4,2,0.389192552,0.389403102,0.074787239,0.074902587,2,2,1
4,3,0.315250695,0.288758297,0.078504527,0.036780924,1,1,1
4,3,0.315250695,0.315648649,0.078504527,0.078895594,2,1,1
4,3,0.315250695,0.298825628,0.078504527,0.031728,1,2,1
4,3,0.315250695,0.315394706,0.078504527,0.078776798,2,2,1
4,4,0.299591102,0.264950562,0.07686875,0.051229541,1,1,1
4,4,0.299591102,0.300095953,0.07686875,0.077064437,2,1,1
4,4,0.299591102,0.248861557,0.07686875,0.030044604,1,2,1
4,4,0.299591102,0.300062566,0.07686875,0.077014223,2,2,1
4,5,0.367119155,0.347539631,0.061358821,0.03910108,1,1,1
4,5,0.367119155,0.367385453,0.061358821,0.061563232,2,1,1
4,5,0.367119155,0.351140875,0.061358821,0.036747978,1,2,1
4,5,0.367119155,0.367265199,0.061358821,0.061519256,2,2,1
4,6,0.34405586,0.279777974,0.068746701,0.047645141,1,1,1
4,6,0.34405586,0.344984318,0.068746701,0.068564158,2,1,1
4,6,0.34405586,0.275142781,0.068746701,0.045685385,1,2,1
4,6,0.34405586,0.344716288,0.068746701,0.06859629,2,2,1
4,7,0.323592906,0.309675432,0.071363183,0.044082697,1,1,1
4,7,0.323592906,0.323750879,0.071363183,0.071597686,2,1,1
4,7,0.323592906,0.307490657,0.071363183,0.046814009,1,2,1
4,7,0.323592906,0.323720412,0.071363183,0.071509492,2,2,1
4,8,0.435564047,0.330444161,0.095865991,0.050783985,1,1,1
4,8,0.435564047,0.438535134,0.095865991,0.09516302,2,1,1
4,8,0.435564047,0.320271619,0.095865991,0.055241678,1,2,1
4,8,0.435564047,0.437559788,0.095865991,0.095197022,2,2,1
4,9,0.389112796,0.385378867,0.071460759,0.046415147,1,1,1
4,9,0.389112796,0.389162715,0.071460759,0.071735069,2,1,1
4,9,0.389112796,0.391568621,0.071460759,0.050265286,1,2,1
4,9,0.389112796,0.389088805,0.071460759,0.07163648,2,2,1
5,1,0.247950003,0.227094421,0.068396871,0.083486491,1,1,2
5,1,0.247950003,0.251858422,0.068396871,0.064434771,2,1,2
5,1,0.247950003,0.230113754,0.068396871,0.063865503,1,2,2
5,1,0.247950003,0.249615056,0.068396871,0.068568287,2,2,2
5,10,0.317040035,0.308758361,0.082827724,0.089742367,1,1,2
5,10,0.317040035,0.318496154,0.082827724,0.0814644,2,1,2
5,10,0.317040035,0.308890697,0.082827724,0.07806304,1,2,2
5,10,0.317040035,0.317845554,0.082827724,0.083240568,2,2,2
5,11,0.314554006,0.268789715,0.079143717,0.086092347,1,1,2
5,11,0.314554006,0.322520598,0.079143717,0.075071998,2,1,2
5,11,0.314554006,0.290288157,0.079143717,0.078200168,1,2,2
5,11,0.314554006,0.316635565,0.079143717,0.078877244,2,2,2
5,12,0.327549023,0.297445612,0.081654069,0.097374595,1,1,2
5,12,0.327549023,0.332077526,0.081654069,0.078020369,2,1,2
5,12,0.327549023,0.315357994,0.081654069,0.087041066,1,2,2
5,12,0.327549023,0.328507393,0.081654069,0.081137815,2,2,2
5,13,0.314732107,0.307607106,0.07597423,0.093570447,1,1,2
5,13,0.314732107,0.315949295,0.07597423,0.07247258,2,1,2
5,13,0.314732107,0.322734892,0.07597423,0.103774795,1,2,2
5,13,0.314732107,0.313846423,0.07597423,0.072188433,2,2,2
5,14,0.301888318,0.276608352,0.079266544,0.092220125,1,1,2
5,14,0.301888318,0.305629945,0.079266544,0.076457949,2,1,2
5,14,0.301888318,0.307258223,0.079266544,0.093694971,1,2,2
5,14,0.301888318,0.301497952,0.079266544,0.078099433,2,2,2
5,15,0.277887431,0.238184411,0.081135419,0.088627172,1,1,2
5,15,0.277887431,0.284291143,0.081135419,0.077990832,2,1,2
5,15,0.277887431,0.257094272,0.081135419,0.073636206,1,2,2
5,15,0.277887431,0.279777718,0.081135419,0.081520507,2,2,2
5,16,0.315966374,0.277805725,0.081022925,0.082699585,1,1,2
5,16,0.315966374,0.322999905,0.081022925,0.078716227,2,1,2
5,16,0.315966374,0.301449108,0.081022925,0.087627548,1,2,2
5,16,0.315966374,0.317079105,0.081022925,0.080386227,2,2,2
5,4,0.316192208,0.278923403,0.084664703,0.09166766,1,1,2
5,4,0.316192208,0.322974011,0.084664703,0.081514809,2,1,2
5,4,0.316192208,0.3037827,0.084664703,0.091725603,1,2,2
5,4,0.316192208,0.317467952,0.084664703,0.083801036,2,2,2
5,5,0.315309293,0.288001791,0.088571455,0.112902882,1,1,2
5,5,0.315309293,0.320075694,0.088571455,0.082682382,2,1,2
5,5,0.315309293,0.307204953,0.088571455,0.107033024,1,2,2
5,5,0.315309293,0.316108701,0.088571455,0.086496136,2,2,2
5,6,0.287847573,0.284204762,0.064757063,0.073850924,1,1,2
5,6,0.287847573,0.288476745,0.064757063,0.063032406,2,1,2
5,6,0.287847573,0.29543352,0.064757063,0.081369874,1,2,2
5,6,0.287847573,0.287168366,0.064757063,0.063011986,2,2,2
5,7,0.299012429,0.299982744,0.071609535,0.083916674,1,1,2
5,7,0.299012429,0.298853261,0.071609535,0.069381292,2,1,2
5,7,0.299012429,0.304896636,0.071609535,0.079800155,1,2,2
5,7,0.299012429,0.298538591,0.071609535,0.070887573,2,2,2
5,9,0.320648359,0.314450656,0.08378383,0.091406286,1,1,2
5,9,0.320648359,0.321796379,0.08378383,0.08224318,2,1,2
5,9,0.320648359,0.314670574,0.08378383,0.078639705,1,2,2
5,9,0.320648359,0.321268491,0.08378383,0.084275238,2,2,2
6,1,0.440140865,0.422928042,0.074752931,0.059807335,1,1,2
6,1,0.440140865,0.440376567,0.074752931,0.074909455,2,1,2
6,1,0.440140865,0.49758079,0.074752931,0.028096484,1,2,2
6,1,0.440140865,0.440053305,0.074752931,0.074768164,2,2,2
6,10,0.445347638,0.470873757,0.085104798,0.100477944,1,1,2
6,10,0.445347638,0.444962787,0.085104798,0.08479293,2,1,2
6,10,0.445347638,0.510555493,0.085104798,0.028174328,1,2,2
6,10,0.445347638,0.445206457,0.085104798,0.085132623,2,2,2
6,11,0.360844187,0.366340847,0.061096509,0.039668485,1,1,2
6,11,0.360844187,0.360748572,0.061096509,0.061398763,2,1,2
6,11,0.360844187,0.402113932,0.061096509,0.028668886,1,2,2
6,11,0.360844187,0.360773504,0.061096509,0.061113393,2,2,2
6,12,0.41475369,0.382026964,0.057713334,0.04616732,1,1,2
6,12,0.41475369,0.415250302,0.057713334,0.057728072,2,1,2
6,12,0.41475369,0.356032615,0.057713334,0.032829846,1,2,2
6,12,0.41475369,0.414859209,0.057713334,0.057694629,2,2,2
6,13,0.428502676,0.437097443,0.063624766,0.048854844,1,1,2
6,13,0.428502676,0.428360658,0.063624766,0.06383041,2,1,2
6,13,0.428502676,0.434474689,0.063624766,0.031766793,1,2,2
6,13,0.428502676,0.42848295,0.063624766,0.063702673,2,2,2
6,14,0.46537391,0.453645952,0.060648665,0.054454019,1,1,2
6,14,0.46537391,0.465551232,0.060648665,0.060720096,2,1,2
6,14,0.46537391,0.45834874,0.060648665,0.050622147,1,2,2
6,14,0.46537391,0.46538851,0.060648665,0.06066693,2,2,2
6,15,0.43540363,0.489939961,0.057476053,0.075264311,1,1,2
6,15,0.43540363,0.434642336,0.057476053,0.056819343,2,1,2
6,15,0.43540363,0.503151032,0.057476053,0.025486373,1,2,2
6,15,0.43540363,0.435276205,0.057476053,0.057444229,2,2,2
6,16,0.411793087,0.484527956,0.07731704,0.121474342,1,1,2
6,16,0.411793087,0.410934765,0.07731704,0.076231032,2,1,2
6,16,0.411793087,0.617694849,0.07731704,0,1,2,2
6,16,0.411793087,0.411704106,0.07731704,0.077215146,2,2,2
6,2,0.410074072,0.426728479,0.061392528,0.06042858,1,1,2
6,2,0.410074072,0.409806788,0.061392528,0.061371037,2,1,2
6,2,0.410074072,0.480369421,0.061392528,0.04369855,1,2,2
6,2,0.410074072,0.409901625,0.061392528,0.061330679,2,2,2
6,3,0.429648321,0.475524841,0.081057943,0.105629355,1,1,2
6,3,0.429648321,0.429005192,0.081057943,0.080474629,2,1,2
6,3,0.429648321,0.631574586,0.081057943,0.041572649,1,2,2
6,3,0.429648321,0.429304909,0.081057943,0.080679385,2,2,2
6,4,0.447025467,0.471676913,0.0668539,0.037792067,1,1,2
6,4,0.447025467,0.446582483,0.0668539,0.067178699,2,1,2
6,4,0.447025467,0.473685976,0.0668539,0.02526777,1,2,2
6,4,0.447025467,0.446987253,0.0668539,0.066887329,2,2,2
6,5,0.436000683,0.463876675,0.065326724,0.049449888,1,1,2
6,5,0.436000683,0.435548534,0.065326724,0.065454793,2,1,2
6,5,0.436000683,0.412962735,0.065326724,0.044004652,1,2,2
6,5,0.436000683,0.436048746,0.065326724,0.065355449,2,2,2
6,6,0.43309216,0.45263811,0.072914071,0.060984426,1,1,2
6,6,0.43309216,0.432718937,0.072914071,0.073072078,2,1,2
6,6,0.43309216,0.437097417,0.072914071,0.032764222,1,2,2
6,6,0.43309216,0.433081168,0.072914071,0.072993574,2,2,2
6,7,0.409835665,0.452092137,0.075769577,0.059597561,1,1,2
6,7,0.409835665,0.409218782,0.075769577,0.075805933,2,1,2
6,7,0.409835665,0.530494555,0.075769577,0.034245379,1,2,2
6,7,0.409835665,0.409628632,0.075769577,0.075656091,2,2,2
6,8,0.441687542,0.468429984,0.066635549,0.064002631,1,1,2
6,8,0.441687542,0.441204738,0.066635549,0.066583495,2,1,2
6,8,0.441687542,0.447407853,0.066635549,0.042784644,1,2,2
6,8,0.441687542,0.44168238,0.066635549,0.066652999,2,2,2
6,9,0.440439698,0.446961376,0.067488302,0.054488357,1,1,2
6,9,0.440439698,0.440338152,0.067488302,0.067666006,2,1,2
6,9,0.440439698,0.540477819,0.067488302,0.023384251,1,2,2
6,9,0.440439698,0.440307302,0.067488302,0.067429318,2,2,2
7,1,0.351978801,0.282948341,0.085807567,0.080070311,1,1,2
7,1,0.351978801,0.360262456,0.085807567,0.082684322,2,1,2
7,1,0.351978801,0.300700156,0.085807567,0.09204285,1,2,2
7,1,0.351978801,0.354881366,0.085807567,0.0845157,2,2,2
7,10,0.338887941,0.30113516,0.080527634,0.09167821,1,1,2
7,10,0.338887941,0.342910779,0.080527634,0.078179489,2,1,2
7,10,0.338887941,0.304718621,0.080527634,0.076710893,1,2,2
7,10,0.338887941,0.340662971,0.080527634,0.0803248,2,2,2
7,11,0.336441452,0.292281803,0.090619298,0.08134594,1,1,2
7,11,0.336441452,0.341862585,0.090619298,0.090215527,2,1,2
7,11,0.336441452,0.308047221,0.090619298,0.090034783,1,2,2
7,11,0.336441452,0.338449824,0.090619298,0.090323122,2,2,2
7,12,0.316095873,0.298677648,0.095350844,0.092535522,1,1,2
7,12,0.316095873,0.319712772,0.095350844,0.095527694,2,1,2
7,12,0.316095873,0.334082858,0.095350844,0.093832721,1,2,2
7,12,0.316095873,0.314306123,0.095350844,0.095315086,2,2,2
7,13,0.271956473,0.256881271,0.074175657,0.068809101,1,1,2
7,13,0.271956473,0.274186533,0.074175657,0.074678963,2,1,2
7,13,0.271956473,0.283543911,0.074175657,0.082113349,1,2,2
7,13,0.271956473,0.270914906,0.074175657,0.073330497,2,2,2
7,14,0.344533911,0.348106634,0.083814555,0.083107046,1,1,2
7,14,0.344533911,0.343971647,0.083814555,0.083911505,2,1,2
7,14,0.344533911,0.394344188,0.083814555,0.08887693,1,2,2
7,14,0.344533911,0.341700393,0.083814555,0.082619494,2,2,2
7,15,0.346491888,0.406257141,0.097351363,0.074493917,1,1,2
7,15,0.346491888,0.338653822,0.097351363,0.097275634,2,1,2
7,15,0.346491888,0.354474954,0.097351363,0.068380746,1,2,2
7,15,0.346491888,0.345590574,0.097351363,0.100056832,2,2,2
7,16,0.313556954,0.278179558,0.066312229,0.084081375,1,1,2
7,16,0.313556954,0.316429828,0.066312229,0.063799765,2,1,2
7,16,0.313556954,0.306287794,0.066312229,0.074154545,1,2,2
7,16,0.313556954,0.314039347,0.066312229,0.065730279,2,2,2
7,2,0.364154058,0.321274093,0.082197141,0.068825322,1,1,2
7,2,0.364154058,0.368987799,0.082197141,0.082178956,2,1,2
7,2,0.364154058,0.335054562,0.082197141,0.066675819,1,2,2
7,2,0.364154058,0.366026547,0.082197141,0.082746989,2,2,2
7,3,0.359549196,0.324903207,0.090231899,0.101600113,1,1,2
7,3,0.359549196,0.365170998,0.090231899,0.086957199,2,1,2
7,3,0.359549196,0.342671901,0.090231899,0.125317031,1,2,2
7,3,0.359549196,0.361105259,0.090231899,0.086115356,2,2,2
7,4,0.343931506,0.265379769,0.063103698,0.054875214,1,1,2
7,4,0.343931506,0.348976113,0.063103698,0.060188954,2,1,2
7,4,0.343931506,0.31444654,0.063103698,0.057790348,1,2,2
7,4,0.343931506,0.345305993,0.063103698,0.063004802,2,2,2
7,5,0.292669364,0.279075938,0.088172333,0.086930099,1,1,2
7,5,0.292669364,0.295479178,0.088172333,0.088165936,2,1,2
7,5,0.292669364,0.273791936,0.088172333,0.074956087,1,2,2
7,5,0.292669364,0.29449003,0.088172333,0.089132541,2,2,2
7,6,0.344016286,0.300685626,0.062126962,0.086858583,1,1,2
7,6,0.344016286,0.347072155,0.062126962,0.058806039,2,1,2
7,6,0.344016286,0.352495554,0.062126962,0.060991777,1,2,2
7,6,0.344016286,0.343467269,0.062126962,0.062159892,2,2,2
7,7,0.330318791,0.251053457,0.07260278,0.087679336,1,1,2
7,7,0.330318791,0.336995262,0.07260278,0.067036074,2,1,2
7,7,0.330318791,0.306865246,0.07260278,0.077739065,1,2,2
7,7,0.330318791,0.331456918,0.07260278,0.072150557,2,2,2
7,8,0.337156811,0.293468708,0.063922192,0.077484273,1,1,2
7,8,0.337156811,0.34108995,0.063922192,0.061041736,2,1,2
7,8,0.337156811,0.334920354,0.063922192,0.054935375,1,2,2
7,8,0.337156811,0.337308538,0.063922192,0.064483722,2,2,2
7,9,0.339876258,0.290366916,0.078867225,0.082102848,1,1,2
7,9,0.339876258,0.344608768,0.078867225,0.076899629,2,1,2
7,9,0.339876258,0.327439092,0.078867225,0.069363318,1,2,2
7,9,0.339876258,0.340581912,0.078867225,0.079313902,2,2,2
8,10,0.369667433,0.280935631,0.114903315,0.095340396,1,1,2
8,10,0.369667433,0.377821166,0.114903315,0.113096165,2,1,2
8,10,0.369667433,0.296603944,0.114903315,0.104343443,1,2,2
8,10,0.369667433,0.375317676,0.114903315,0.113741213,2,2,2
8,11,0.479299916,0.495680933,0.101116654,0.121507081,1,1,2
8,11,0.479299916,0.478259851,0.101116654,0.099590377,2,1,2
8,11,0.479299916,0.477646589,0.101116654,0.12103542,1,2,2
8,11,0.479299916,0.479404889,0.101116654,0.099716804,2,2,2
8,12,0.499604896,0.467976033,0.092396448,0.111424897,1,1,2
8,12,0.499604896,0.501262861,0.092396448,0.090986877,2,1,2
8,12,0.499604896,0.472729457,0.092396448,0.093100671,1,2,2
8,12,0.499604896,0.501243642,0.092396448,0.092100004,2,2,2
8,13,0.475355722,0.451095591,0.070180386,0.055604825,1,1,2
8,13,0.475355722,0.476675428,0.070180386,0.070648863,2,1,2
8,13,0.475355722,0.456858577,0.070180386,0.066460091,1,2,2
8,13,0.475355722,0.476407184,0.070180386,0.070239793,2,2,2
8,14,0.47884683,0.427568454,0.106022397,0.099000828,1,1,2
8,14,0.47884683,0.482749909,0.106022397,0.105522253,2,1,2
8,14,0.47884683,0.413182348,0.106022397,0.094775723,1,2,2
8,14,0.47884683,0.483659934,0.106022397,0.105200111,2,2,2
8,15,0.497417211,0.475473555,0.091444592,0.090179319,1,1,2
8,15,0.497417211,0.498898937,0.091444592,0.09133959,2,1,2
8,15,0.497417211,0.459369575,0.091444592,0.072459528,1,2,2
8,15,0.497417211,0.499856162,0.091444592,0.091993687,2,2,2
8,16,0.446787576,0.349140296,0.115024215,0.096999069,1,1,2
8,16,0.446787576,0.457637274,0.115024215,0.111705191,2,1,2
8,16,0.446787576,0.413096353,0.115024215,0.042919662,1,2,2
8,16,0.446787576,0.449194092,0.115024215,0.118140436,2,2,2
8,2,0.429185802,0.407319786,0.085879235,0.109435951,1,1,2
8,2,0.429185802,0.430595284,0.085879235,0.083939606,2,1,2
8,2,0.429185802,0.426765195,0.085879235,0.111199837,1,2,2
8,2,0.429185802,0.429355372,0.085879235,0.083816647,2,2,2
8,3,0.490749699,0.486082972,0.090583428,0.110038981,1,1,2
8,3,0.490749699,0.491054399,0.090583428,0.089157127,2,1,2
8,3,0.490749699,0.480615504,0.090583428,0.084801164,1,2,2
8,3,0.490749699,0.491486094,0.090583428,0.090945274,2,2,2
8,4,0.413614403,0.394011504,0.088816928,0.085500351,1,1,2
8,4,0.413614403,0.415047274,0.088816928,0.088885117,2,1,2
8,4,0.413614403,0.397549184,0.088816928,0.069824221,1,2,2
8,4,0.413614403,0.414842478,0.088816928,0.089986299,2,2,2
8,5,0.459630217,0.469790555,0.088793729,0.095116917,1,1,2
8,5,0.459630217,0.458995196,0.088793729,0.08834472,2,1,2
8,5,0.459630217,0.441140989,0.088793729,0.096450582,1,2,2
8,5,0.459630217,0.460785794,0.088793729,0.088164482,2,2,2
8,6,0.461587566,0.414108146,0.093273598,0.097501742,1,1,2
8,6,0.461587566,0.464222059,0.093273598,0.092321081,2,1,2
8,6,0.461587566,0.455471525,0.093273598,0.092221936,1,2,2
8,6,0.461587566,0.461903135,0.093273598,0.093316665,2,2,2
8,7,0.400417658,0.429391852,0.076655924,0.064555513,1,1,2
8,7,0.400417658,0.399113133,0.076655924,0.076899701,2,1,2
8,7,0.400417658,0.41584164,0.076655924,0.051388265,1,2,2
8,7,0.400417658,0.399684928,0.076655924,0.077575716,2,2,2
8,8,0.493164239,0.447312084,0.080743967,0.082716396,1,1,2
8,8,0.493164239,0.496392337,0.080743967,0.079614406,2,1,2
8,8,0.493164239,0.437913496,0.080743967,0.088276812,1,2,2
8,8,0.493164239,0.496465137,0.080743967,0.079058515,2,2,2
9,1,0.43059668,0.414968191,0.061747624,0.026809297,1,1,2
9,1,0.43059668,0.43112467,0.061747624,0.06252013,2,1,2
9,1,0.43059668,0.436150352,0.061747624,0.041912339,1,2,2
9,1,0.43059668,0.430447589,0.061747624,0.062186147,2,2,2
9,10,0.454319451,0.442511401,0.053272495,0.073516604,1,1,2
9,10,0.454319451,0.454561887,0.053272495,0.052747878,2,1,2
9,10,0.454319451,0.468025708,0.053272495,0.049103143,1,2,2
9,10,0.454319451,0.453970141,0.053272495,0.053328484,2,2,2
9,15,0.443578461,0.485542109,0.073114251,0.074144119,1,1,2
9,15,0.443578461,0.441884861,0.073114251,0.072564696,2,1,2
9,15,0.443578461,0.452173823,0.073114251,0.066869875,1,2,2
9,15,0.443578461,0.44331105,0.073114251,0.07328382,2,2,2
9,16,0.460062069,0.474117189,0.04970234,0.044953627,1,1,2
9,16,0.460062069,0.459741541,0.04970234,0.049759075,2,1,2
9,16,0.460062069,0.476243395,0.04970234,0.040240178,1,2,2
9,16,0.460062069,0.459711903,0.04970234,0.049829215,2,2,2
9,2,0.415169242,0.454921407,0.069704625,0.045022983,1,1,2
9,2,0.415169242,0.414311842,0.069704625,0.069892712,2,1,2
9,2,0.415169242,0.4687366,0.069704625,0.03915572,1,2,2
9,2,0.415169242,0.414013867,0.069704625,0.069765589,2,2,2
9,3,0.42126357,0.421289992,0.085238426,0.103697015,1,1,2
9,3,0.42126357,0.421262795,0.085238426,0.084636382,2,1,2
9,3,0.42126357,0.463346647,0.085238426,0.046456025,1,2,2
9,3,0.42126357,0.420156121,0.085238426,0.085744761,2,2,2
9,4,0.424775928,0.455355654,0.079655991,0.070356138,1,1,2
9,4,0.424775928,0.424036096,0.079655991,0.07972238,2,1,2
9,4,0.424775928,0.456372553,0.079655991,0.028959117,1,2,2
9,4,0.424775928,0.423924267,0.079655991,0.080410594,2,2,2
9,5,0.394908354,0.396837883,0.093110393,0.062734943,1,1,2
9,5,0.394908354,0.394843069,0.093110393,0.093965864,2,1,2
9,5,0.394908354,0.46852547,0.093110393,0.023531361,1,2,2
9,5,0.394908354,0.39241755,0.093110393,0.093565863,2,2,2
9,6,0.431015784,0.465448954,0.065035313,0.079088935,1,1,2
9,6,0.431015784,0.430413806,0.065035313,0.064599468,2,1,2
9,6,0.431015784,0.438363266,0.065035313,0.089090277,1,2,2
9,6,0.431015784,0.430900379,0.065035313,0.064579392,2,2,2
9,7,0.401015745,0.396810693,0.080281587,0.052624968,1,1,2
9,7,0.401015745,0.40110335,0.080281587,0.080754784,2,1,2
9,7,0.401015745,0.427973198,0.080281587,0.026770063,1,2,2
9,7,0.401015745,0.400222879,0.080281587,0.081188768,2,2,2
10,1,0.336923929,0.331763315,0.066730686,0.063335699,1,1,2
10,1,0.336923929,0.337178564,0.066730686,0.066883434,2,1,2
10,1,0.336923929,0.320351753,0.066730686,0.053966004,1,2,2
10,1,0.336923929,0.337627975,0.066730686,0.067128785,2,2,2
10,2,0.331430656,0.359888439,0.066933106,0.046267774,1,1,2
10,2,0.331430656,0.33076411,0.066933106,0.067196878,2,1,2
10,2,0.331430656,0.365627344,0.066933106,0.045323404,1,2,2
10,2,0.331430656,0.330652448,0.066933106,0.067141843,2,2,2
10,3,0.313428077,0.338832465,0.057362943,0.05456746,1,1,2
10,3,0.313428077,0.312428858,0.057362943,0.05724012,2,1,2
10,3,0.313428077,0.336492942,0.057362943,0.060685907,1,2,2
10,3,0.313428077,0.312775298,0.057362943,0.057130752,2,2,2
10,4,0.195279185,0.234502631,0.062570135,0.066868898,1,1,2
10,4,0.195279185,0.193835023,0.062570135,0.061933869,2,1,2
10,4,0.195279185,0.234046374,0.062570135,0.070252716,1,2,2
10,4,0.195279185,0.194203891,0.062570135,0.061998998,2,2,2
10,5,0.356202587,0.388501964,0.07451633,0.065229019,1,1,2
10,5,0.356202587,0.355263348,0.07451633,0.074560077,2,1,2
10,5,0.356202587,0.387458358,0.07451633,0.074132172,1,2,2
10,5,0.356202587,0.35550021,0.07451633,0.074374189,2,2,2
10,6,0.328972448,0.335816623,0.090665267,0.038676272,1,1,2
10,6,0.328972448,0.328723569,0.090665267,0.091994276,2,1,2
10,6,0.328972448,0.352432667,0.090665267,0.027146934,1,2,2
10,6,0.328972448,0.327669102,0.090665267,0.092755865,2,2,2
